participant,gender,attractiveness,morality
p01,female,HIGH_ATTRACTIVENESS,417
p01,female,HIGH_ATTRACTIVENESS,417
p01,female,HIGH_ATTRACTIVENESS,417
p01,female,HIGH_ATTRACTIVENESS,417
p01,female,HIGH_ATTRACTIVENESS,417
p01,female,HIGH_ATTRACTIVENESS,417
p01,female,HIGH_ATTRACTIVENESS,417
p01,female,HIGH_ATTRACTIVENESS,417
p01,female,HIGH_ATTRACTIVENESS,417
p01,female,HIGH_ATTRACTIVENESS,417
p01,female,LOW_ATTRACTIVENESS,417
p01,female,LOW_ATTRACTIVENESS,417
p01,female,HIGH_ATTRACTIVENESS,417
p01,female,LOW_ATTRACTIVENESS,417
p01,female,HIGH_ATTRACTIVENESS,417
p01,female,HIGH_ATTRACTIVENESS,417
p01,female,LOW_ATTRACTIVENESS,417
p01,female,HIGH_ATTRACTIVENESS,417
p01,female,HIGH_ATTRACTIVENESS,417
p01,female,HIGH_ATTRACTIVENESS,417
p01,male,HIGH_ATTRACTIVENESS,417
p01,male,HIGH_ATTRACTIVENESS,417
p01,male,HIGH_ATTRACTIVENESS,417
p01,male,HIGH_ATTRACTIVENESS,417
p01,male,HIGH_ATTRACTIVENESS,417
p01,male,HIGH_ATTRACTIVENESS,417
p01,male,LOW_ATTRACTIVENESS,417
p01,male,HIGH_ATTRACTIVENESS,417
p01,male,HIGH_ATTRACTIVENESS,417
p01,male,HIGH_ATTRACTIVENESS,417
p01,male,LOW_ATTRACTIVENESS,417
p01,male,LOW_ATTRACTIVENESS,417
p01,male,LOW_ATTRACTIVENESS,417
p01,male,HIGH_ATTRACTIVENESS,417
p01,male,HIGH_ATTRACTIVENESS,417
p01,male,LOW_ATTRACTIVENESS,417
p01,male,LOW_ATTRACTIVENESS,417
p01,male,LOW_ATTRACTIVENESS,417
p01,male,HIGH_ATTRACTIVENESS,417
p01,male,LOW_ATTRACTIVENESS,417
p02,female,HIGH_ATTRACTIVENESS,412
p02,female,HIGH_ATTRACTIVENESS,412
p02,female,HIGH_ATTRACTIVENESS,412
p02,female,HIGH_ATTRACTIVENESS,412
p02,female,HIGH_ATTRACTIVENESS,412
p02,female,HIGH_ATTRACTIVENESS,412
p02,female,HIGH_ATTRACTIVENESS,412
p02,female,HIGH_ATTRACTIVENESS,412
p02,female,HIGH_ATTRACTIVENESS,412
p02,female,HIGH_ATTRACTIVENESS,412
p02,female,LOW_ATTRACTIVENESS,412
p02,female,LOW_ATTRACTIVENESS,412
p02,female,LOW_ATTRACTIVENESS,412
p02,female,LOW_ATTRACTIVENESS,412
p02,female,LOW_ATTRACTIVENESS,412
p02,female,HIGH_ATTRACTIVENESS,412
p02,female,LOW_ATTRACTIVENESS,412
p02,female,HIGH_ATTRACTIVENESS,412
p02,female,LOW_ATTRACTIVENESS,412
p02,female,LOW_ATTRACTIVENESS,412
p02,male,HIGH_ATTRACTIVENESS,412
p02,male,HIGH_ATTRACTIVENESS,412
p02,male,LOW_ATTRACTIVENESS,412
p02,male,HIGH_ATTRACTIVENESS,412
p02,male,HIGH_ATTRACTIVENESS,412
p02,male,HIGH_ATTRACTIVENESS,412
p02,male,HIGH_ATTRACTIVENESS,412
p02,male,HIGH_ATTRACTIVENESS,412
p02,male,LOW_ATTRACTIVENESS,412
p02,male,LOW_ATTRACTIVENESS,412
p02,male,LOW_ATTRACTIVENESS,412
p02,male,LOW_ATTRACTIVENESS,412
p02,male,LOW_ATTRACTIVENESS,412
p02,male,LOW_ATTRACTIVENESS,412
p02,male,HIGH_ATTRACTIVENESS,412
p02,male,LOW_ATTRACTIVENESS,412
p02,male,LOW_ATTRACTIVENESS,412
p02,male,LOW_ATTRACTIVENESS,412
p02,male,LOW_ATTRACTIVENESS,412
p02,male,LOW_ATTRACTIVENESS,412
p03,female,HIGH_ATTRACTIVENESS,431
p03,female,HIGH_ATTRACTIVENESS,431
p03,female,HIGH_ATTRACTIVENESS,431
p03,female,HIGH_ATTRACTIVENESS,431
p03,female,HIGH_ATTRACTIVENESS,431
p03,female,HIGH_ATTRACTIVENESS,431
p03,female,HIGH_ATTRACTIVENESS,431
p03,female,HIGH_ATTRACTIVENESS,431
p03,female,HIGH_ATTRACTIVENESS,431
p03,female,HIGH_ATTRACTIVENESS,431
p03,female,LOW_ATTRACTIVENESS,431
p03,female,LOW_ATTRACTIVENESS,431
p03,female,LOW_ATTRACTIVENESS,431
p03,female,LOW_ATTRACTIVENESS,431
p03,female,LOW_ATTRACTIVENESS,431
p03,female,HIGH_ATTRACTIVENESS,431
p03,female,LOW_ATTRACTIVENESS,431
p03,female,LOW_ATTRACTIVENESS,431
p03,female,LOW_ATTRACTIVENESS,431
p03,female,LOW_ATTRACTIVENESS,431
p03,male,HIGH_ATTRACTIVENESS,431
p03,male,HIGH_ATTRACTIVENESS,431
p03,male,LOW_ATTRACTIVENESS,431
p03,male,HIGH_ATTRACTIVENESS,431
p03,male,HIGH_ATTRACTIVENESS,431
p03,male,HIGH_ATTRACTIVENESS,431
p03,male,HIGH_ATTRACTIVENESS,431
p03,male,LOW_ATTRACTIVENESS,431
p03,male,LOW_ATTRACTIVENESS,431
p03,male,LOW_ATTRACTIVENESS,431
p03,male,LOW_ATTRACTIVENESS,431
p03,male,LOW_ATTRACTIVENESS,431
p03,male,LOW_ATTRACTIVENESS,431
p03,male,LOW_ATTRACTIVENESS,431
p03,male,LOW_ATTRACTIVENESS,431
p03,male,LOW_ATTRACTIVENESS,431
p03,male,LOW_ATTRACTIVENESS,431
p03,male,LOW_ATTRACTIVENESS,431
p03,male,LOW_ATTRACTIVENESS,431
p03,male,LOW_ATTRACTIVENESS,431
p04,female,HIGH_ATTRACTIVENESS,566
p04,female,HIGH_ATTRACTIVENESS,566
p04,female,HIGH_ATTRACTIVENESS,566
p04,female,HIGH_ATTRACTIVENESS,566
p04,female,HIGH_ATTRACTIVENESS,566
p04,female,HIGH_ATTRACTIVENESS,566
p04,female,HIGH_ATTRACTIVENESS,566
p04,female,HIGH_ATTRACTIVENESS,566
p04,female,HIGH_ATTRACTIVENESS,566
p04,female,HIGH_ATTRACTIVENESS,566
p04,female,LOW_ATTRACTIVENESS,566
p04,female,LOW_ATTRACTIVENESS,566
p04,female,HIGH_ATTRACTIVENESS,566
p04,female,HIGH_ATTRACTIVENESS,566
p04,female,LOW_ATTRACTIVENESS,566
p04,female,HIGH_ATTRACTIVENESS,566
p04,female,LOW_ATTRACTIVENESS,566
p04,female,HIGH_ATTRACTIVENESS,566
p04,female,LOW_ATTRACTIVENESS,566
p04,female,HIGH_ATTRACTIVENESS,566
p04,male,HIGH_ATTRACTIVENESS,566
p04,male,HIGH_ATTRACTIVENESS,566
p04,male,HIGH_ATTRACTIVENESS,566
p04,male,HIGH_ATTRACTIVENESS,566
p04,male,HIGH_ATTRACTIVENESS,566
p04,male,HIGH_ATTRACTIVENESS,566
p04,male,HIGH_ATTRACTIVENESS,566
p04,male,HIGH_ATTRACTIVENESS,566
p04,male,HIGH_ATTRACTIVENESS,566
p04,male,HIGH_ATTRACTIVENESS,566
p04,male,LOW_ATTRACTIVENESS,566
p04,male,LOW_ATTRACTIVENESS,566
p04,male,LOW_ATTRACTIVENESS,566
p04,male,HIGH_ATTRACTIVENESS,566
p04,male,LOW_ATTRACTIVENESS,566
p04,male,LOW_ATTRACTIVENESS,566
p04,male,LOW_ATTRACTIVENESS,566
p04,male,LOW_ATTRACTIVENESS,566
p04,male,LOW_ATTRACTIVENESS,566
p04,male,LOW_ATTRACTIVENESS,566
p05,female,HIGH_ATTRACTIVENESS,616
p05,female,HIGH_ATTRACTIVENESS,616
p05,female,HIGH_ATTRACTIVENESS,616
p05,female,HIGH_ATTRACTIVENESS,616
p05,female,LOW_ATTRACTIVENESS,616
p05,female,HIGH_ATTRACTIVENESS,616
p05,female,HIGH_ATTRACTIVENESS,616
p05,female,HIGH_ATTRACTIVENESS,616
p05,female,HIGH_ATTRACTIVENESS,616
p05,female,HIGH_ATTRACTIVENESS,616
p05,female,LOW_ATTRACTIVENESS,616
p05,female,LOW_ATTRACTIVENESS,616
p05,female,HIGH_ATTRACTIVENESS,616
p05,female,LOW_ATTRACTIVENESS,616
p05,female,LOW_ATTRACTIVENESS,616
p05,female,HIGH_ATTRACTIVENESS,616
p05,female,LOW_ATTRACTIVENESS,616
p05,female,HIGH_ATTRACTIVENESS,616
p05,female,LOW_ATTRACTIVENESS,616
p05,female,HIGH_ATTRACTIVENESS,616
p05,male,HIGH_ATTRACTIVENESS,616
p05,male,HIGH_ATTRACTIVENESS,616
p05,male,HIGH_ATTRACTIVENESS,616
p05,male,HIGH_ATTRACTIVENESS,616
p05,male,HIGH_ATTRACTIVENESS,616
p05,male,HIGH_ATTRACTIVENESS,616
p05,male,HIGH_ATTRACTIVENESS,616
p05,male,HIGH_ATTRACTIVENESS,616
p05,male,HIGH_ATTRACTIVENESS,616
p05,male,HIGH_ATTRACTIVENESS,616
p05,male,LOW_ATTRACTIVENESS,616
p05,male,LOW_ATTRACTIVENESS,616
p05,male,LOW_ATTRACTIVENESS,616
p05,male,HIGH_ATTRACTIVENESS,616
p05,male,LOW_ATTRACTIVENESS,616
p05,male,LOW_ATTRACTIVENESS,616
p05,male,LOW_ATTRACTIVENESS,616
p05,male,LOW_ATTRACTIVENESS,616
p05,male,LOW_ATTRACTIVENESS,616
p05,male,LOW_ATTRACTIVENESS,616
p06,female,HIGH_ATTRACTIVENESS,611
p06,female,HIGH_ATTRACTIVENESS,611
p06,female,HIGH_ATTRACTIVENESS,611
p06,female,HIGH_ATTRACTIVENESS,611
p06,female,HIGH_ATTRACTIVENESS,611
p06,female,HIGH_ATTRACTIVENESS,611
p06,female,HIGH_ATTRACTIVENESS,611
p06,female,HIGH_ATTRACTIVENESS,611
p06,female,LOW_ATTRACTIVENESS,611
p06,female,HIGH_ATTRACTIVENESS,611
p06,female,LOW_ATTRACTIVENESS,611
p06,female,LOW_ATTRACTIVENESS,611
p06,female,LOW_ATTRACTIVENESS,611
p06,female,LOW_ATTRACTIVENESS,611
p06,female,LOW_ATTRACTIVENESS,611
p06,female,LOW_ATTRACTIVENESS,611
p06,female,LOW_ATTRACTIVENESS,611
p06,female,HIGH_ATTRACTIVENESS,611
p06,female,LOW_ATTRACTIVENESS,611
p06,female,LOW_ATTRACTIVENESS,611
p06,male,HIGH_ATTRACTIVENESS,611
p06,male,LOW_ATTRACTIVENESS,611
p06,male,LOW_ATTRACTIVENESS,611
p06,male,LOW_ATTRACTIVENESS,611
p06,male,LOW_ATTRACTIVENESS,611
p06,male,HIGH_ATTRACTIVENESS,611
p06,male,HIGH_ATTRACTIVENESS,611
p06,male,HIGH_ATTRACTIVENESS,611
p06,male,LOW_ATTRACTIVENESS,611
p06,male,HIGH_ATTRACTIVENESS,611
p06,male,LOW_ATTRACTIVENESS,611
p06,male,LOW_ATTRACTIVENESS,611
p06,male,LOW_ATTRACTIVENESS,611
p06,male,LOW_ATTRACTIVENESS,611
p06,male,HIGH_ATTRACTIVENESS,611
p06,male,LOW_ATTRACTIVENESS,611
p06,male,LOW_ATTRACTIVENESS,611
p06,male,LOW_ATTRACTIVENESS,611
p06,male,LOW_ATTRACTIVENESS,611
p06,male,LOW_ATTRACTIVENESS,611
p07,female,HIGH_ATTRACTIVENESS,327
p07,female,HIGH_ATTRACTIVENESS,327
p07,female,HIGH_ATTRACTIVENESS,327
p07,female,HIGH_ATTRACTIVENESS,327
p07,female,HIGH_ATTRACTIVENESS,327
p07,female,HIGH_ATTRACTIVENESS,327
p07,female,HIGH_ATTRACTIVENESS,327
p07,female,HIGH_ATTRACTIVENESS,327
p07,female,HIGH_ATTRACTIVENESS,327
p07,female,HIGH_ATTRACTIVENESS,327
p07,female,LOW_ATTRACTIVENESS,327
p07,female,LOW_ATTRACTIVENESS,327
p07,female,HIGH_ATTRACTIVENESS,327
p07,female,HIGH_ATTRACTIVENESS,327
p07,female,LOW_ATTRACTIVENESS,327
p07,female,HIGH_ATTRACTIVENESS,327
p07,female,LOW_ATTRACTIVENESS,327
p07,female,HIGH_ATTRACTIVENESS,327
p07,female,LOW_ATTRACTIVENESS,327
p07,female,LOW_ATTRACTIVENESS,327
p07,male,LOW_ATTRACTIVENESS,327
p07,male,LOW_ATTRACTIVENESS,327
p07,male,HIGH_ATTRACTIVENESS,327
p07,male,HIGH_ATTRACTIVENESS,327
p07,male,HIGH_ATTRACTIVENESS,327
p07,male,HIGH_ATTRACTIVENESS,327
p07,male,HIGH_ATTRACTIVENESS,327
p07,male,LOW_ATTRACTIVENESS,327
p07,male,HIGH_ATTRACTIVENESS,327
p07,male,HIGH_ATTRACTIVENESS,327
p07,male,LOW_ATTRACTIVENESS,327
p07,male,LOW_ATTRACTIVENESS,327
p07,male,LOW_ATTRACTIVENESS,327
p07,male,HIGH_ATTRACTIVENESS,327
p07,male,HIGH_ATTRACTIVENESS,327
p07,male,LOW_ATTRACTIVENESS,327
p07,male,LOW_ATTRACTIVENESS,327
p07,male,HIGH_ATTRACTIVENESS,327
p07,male,HIGH_ATTRACTIVENESS,327
p07,male,LOW_ATTRACTIVENESS,327
p08,female,HIGH_ATTRACTIVENESS,364
p08,female,LOW_ATTRACTIVENESS,364
p08,female,HIGH_ATTRACTIVENESS,364
p08,female,HIGH_ATTRACTIVENESS,364
p08,female,HIGH_ATTRACTIVENESS,364
p08,female,LOW_ATTRACTIVENESS,364
p08,female,HIGH_ATTRACTIVENESS,364
p08,female,HIGH_ATTRACTIVENESS,364
p08,female,HIGH_ATTRACTIVENESS,364
p08,female,HIGH_ATTRACTIVENESS,364
p08,female,LOW_ATTRACTIVENESS,364
p08,female,LOW_ATTRACTIVENESS,364
p08,female,LOW_ATTRACTIVENESS,364
p08,female,LOW_ATTRACTIVENESS,364
p08,female,LOW_ATTRACTIVENESS,364
p08,female,LOW_ATTRACTIVENESS,364
p08,female,LOW_ATTRACTIVENESS,364
p08,female,LOW_ATTRACTIVENESS,364
p08,female,LOW_ATTRACTIVENESS,364
p08,female,LOW_ATTRACTIVENESS,364
p08,male,HIGH_ATTRACTIVENESS,364
p08,male,HIGH_ATTRACTIVENESS,364
p08,male,LOW_ATTRACTIVENESS,364
p08,male,HIGH_ATTRACTIVENESS,364
p08,male,HIGH_ATTRACTIVENESS,364
p08,male,HIGH_ATTRACTIVENESS,364
p08,male,HIGH_ATTRACTIVENESS,364
p08,male,HIGH_ATTRACTIVENESS,364
p08,male,LOW_ATTRACTIVENESS,364
p08,male,LOW_ATTRACTIVENESS,364
p08,male,LOW_ATTRACTIVENESS,364
p08,male,LOW_ATTRACTIVENESS,364
p08,male,LOW_ATTRACTIVENESS,364
p08,male,LOW_ATTRACTIVENESS,364
p08,male,LOW_ATTRACTIVENESS,364
p08,male,LOW_ATTRACTIVENESS,364
p08,male,LOW_ATTRACTIVENESS,364
p08,male,LOW_ATTRACTIVENESS,364
p08,male,LOW_ATTRACTIVENESS,364
p08,male,LOW_ATTRACTIVENESS,364
p09,female,HIGH_ATTRACTIVENESS,651
p09,female,HIGH_ATTRACTIVENESS,651
p09,female,HIGH_ATTRACTIVENESS,651
p09,female,HIGH_ATTRACTIVENESS,651
p09,female,HIGH_ATTRACTIVENESS,651
p09,female,HIGH_ATTRACTIVENESS,651
p09,female,HIGH_ATTRACTIVENESS,651
p09,female,HIGH_ATTRACTIVENESS,651
p09,female,HIGH_ATTRACTIVENESS,651
p09,female,HIGH_ATTRACTIVENESS,651
p09,female,LOW_ATTRACTIVENESS,651
p09,female,LOW_ATTRACTIVENESS,651
p09,female,LOW_ATTRACTIVENESS,651
p09,female,LOW_ATTRACTIVENESS,651
p09,female,HIGH_ATTRACTIVENESS,651
p09,female,HIGH_ATTRACTIVENESS,651
p09,female,LOW_ATTRACTIVENESS,651
p09,female,HIGH_ATTRACTIVENESS,651
p09,female,LOW_ATTRACTIVENESS,651
p09,female,HIGH_ATTRACTIVENESS,651
p09,male,HIGH_ATTRACTIVENESS,651
p09,male,HIGH_ATTRACTIVENESS,651
p09,male,HIGH_ATTRACTIVENESS,651
p09,male,HIGH_ATTRACTIVENESS,651
p09,male,HIGH_ATTRACTIVENESS,651
p09,male,HIGH_ATTRACTIVENESS,651
p09,male,HIGH_ATTRACTIVENESS,651
p09,male,HIGH_ATTRACTIVENESS,651
p09,male,LOW_ATTRACTIVENESS,651
p09,male,HIGH_ATTRACTIVENESS,651
p09,male,LOW_ATTRACTIVENESS,651
p09,male,LOW_ATTRACTIVENESS,651
p09,male,LOW_ATTRACTIVENESS,651
p09,male,LOW_ATTRACTIVENESS,651
p09,male,HIGH_ATTRACTIVENESS,651
p09,male,LOW_ATTRACTIVENESS,651
p09,male,LOW_ATTRACTIVENESS,651
p09,male,LOW_ATTRACTIVENESS,651
p09,male,HIGH_ATTRACTIVENESS,651
p09,male,LOW_ATTRACTIVENESS,651
p10,female,HIGH_ATTRACTIVENESS,611
p10,female,HIGH_ATTRACTIVENESS,611
p10,female,HIGH_ATTRACTIVENESS,611
p10,female,HIGH_ATTRACTIVENESS,611
p10,female,HIGH_ATTRACTIVENESS,611
p10,female,HIGH_ATTRACTIVENESS,611
p10,female,HIGH_ATTRACTIVENESS,611
p10,female,LOW_ATTRACTIVENESS,611
p10,female,HIGH_ATTRACTIVENESS,611
p10,female,HIGH_ATTRACTIVENESS,611
p10,female,LOW_ATTRACTIVENESS,611
p10,female,LOW_ATTRACTIVENESS,611
p10,female,LOW_ATTRACTIVENESS,611
p10,female,LOW_ATTRACTIVENESS,611
p10,female,LOW_ATTRACTIVENESS,611
p10,female,LOW_ATTRACTIVENESS,611
p10,female,LOW_ATTRACTIVENESS,611
p10,female,HIGH_ATTRACTIVENESS,611
p10,female,LOW_ATTRACTIVENESS,611
p10,female,LOW_ATTRACTIVENESS,611
p10,male,LOW_ATTRACTIVENESS,611
p10,male,HIGH_ATTRACTIVENESS,611
p10,male,LOW_ATTRACTIVENESS,611
p10,male,LOW_ATTRACTIVENESS,611
p10,male,LOW_ATTRACTIVENESS,611
p10,male,HIGH_ATTRACTIVENESS,611
p10,male,HIGH_ATTRACTIVENESS,611
p10,male,LOW_ATTRACTIVENESS,611
p10,male,HIGH_ATTRACTIVENESS,611
p10,male,LOW_ATTRACTIVENESS,611
p10,male,LOW_ATTRACTIVENESS,611
p10,male,LOW_ATTRACTIVENESS,611
p10,male,LOW_ATTRACTIVENESS,611
p10,male,LOW_ATTRACTIVENESS,611
p10,male,LOW_ATTRACTIVENESS,611
p10,male,LOW_ATTRACTIVENESS,611
p10,male,LOW_ATTRACTIVENESS,611
p10,male,LOW_ATTRACTIVENESS,611
p10,male,LOW_ATTRACTIVENESS,611
p10,male,LOW_ATTRACTIVENESS,611
p11,female,LOW_ATTRACTIVENESS,896
p11,female,HIGH_ATTRACTIVENESS,896
p11,female,HIGH_ATTRACTIVENESS,896
p11,female,LOW_ATTRACTIVENESS,896
p11,female,HIGH_ATTRACTIVENESS,896
p11,female,HIGH_ATTRACTIVENESS,896
p11,female,HIGH_ATTRACTIVENESS,896
p11,female,HIGH_ATTRACTIVENESS,896
p11,female,HIGH_ATTRACTIVENESS,896
p11,female,HIGH_ATTRACTIVENESS,896
p11,female,LOW_ATTRACTIVENESS,896
p11,female,LOW_ATTRACTIVENESS,896
p11,female,LOW_ATTRACTIVENESS,896
p11,female,LOW_ATTRACTIVENESS,896
p11,female,HIGH_ATTRACTIVENESS,896
p11,female,HIGH_ATTRACTIVENESS,896
p11,female,LOW_ATTRACTIVENESS,896
p11,female,HIGH_ATTRACTIVENESS,896
p11,female,LOW_ATTRACTIVENESS,896
p11,female,LOW_ATTRACTIVENESS,896
p11,male,HIGH_ATTRACTIVENESS,896
p11,male,HIGH_ATTRACTIVENESS,896
p11,male,LOW_ATTRACTIVENESS,896
p11,male,HIGH_ATTRACTIVENESS,896
p11,male,LOW_ATTRACTIVENESS,896
p11,male,LOW_ATTRACTIVENESS,896
p11,male,HIGH_ATTRACTIVENESS,896
p11,male,LOW_ATTRACTIVENESS,896
p11,male,HIGH_ATTRACTIVENESS,896
p11,male,HIGH_ATTRACTIVENESS,896
p11,male,LOW_ATTRACTIVENESS,896
p11,male,LOW_ATTRACTIVENESS,896
p11,male,LOW_ATTRACTIVENESS,896
p11,male,LOW_ATTRACTIVENESS,896
p11,male,LOW_ATTRACTIVENESS,896
p11,male,LOW_ATTRACTIVENESS,896
p11,male,LOW_ATTRACTIVENESS,896
p11,male,LOW_ATTRACTIVENESS,896
p11,male,LOW_ATTRACTIVENESS,896
p11,male,LOW_ATTRACTIVENESS,896
p12,female,HIGH_ATTRACTIVENESS,383
p12,female,HIGH_ATTRACTIVENESS,383
p12,female,HIGH_ATTRACTIVENESS,383
p12,female,HIGH_ATTRACTIVENESS,383
p12,female,HIGH_ATTRACTIVENESS,383
p12,female,LOW_ATTRACTIVENESS,383
p12,female,HIGH_ATTRACTIVENESS,383
p12,female,HIGH_ATTRACTIVENESS,383
p12,female,HIGH_ATTRACTIVENESS,383
p12,female,HIGH_ATTRACTIVENESS,383
p12,female,LOW_ATTRACTIVENESS,383
p12,female,LOW_ATTRACTIVENESS,383
p12,female,HIGH_ATTRACTIVENESS,383
p12,female,LOW_ATTRACTIVENESS,383
p12,female,LOW_ATTRACTIVENESS,383
p12,female,LOW_ATTRACTIVENESS,383
p12,female,HIGH_ATTRACTIVENESS,383
p12,female,HIGH_ATTRACTIVENESS,383
p12,female,LOW_ATTRACTIVENESS,383
p12,female,HIGH_ATTRACTIVENESS,383
p12,male,LOW_ATTRACTIVENESS,383
p12,male,HIGH_ATTRACTIVENESS,383
p12,male,HIGH_ATTRACTIVENESS,383
p12,male,LOW_ATTRACTIVENESS,383
p12,male,LOW_ATTRACTIVENESS,383
p12,male,HIGH_ATTRACTIVENESS,383
p12,male,HIGH_ATTRACTIVENESS,383
p12,male,HIGH_ATTRACTIVENESS,383
p12,male,LOW_ATTRACTIVENESS,383
p12,male,LOW_ATTRACTIVENESS,383
p12,male,LOW_ATTRACTIVENESS,383
p12,male,LOW_ATTRACTIVENESS,383
p12,male,LOW_ATTRACTIVENESS,383
p12,male,LOW_ATTRACTIVENESS,383
p12,male,HIGH_ATTRACTIVENESS,383
p12,male,LOW_ATTRACTIVENESS,383
p12,male,LOW_ATTRACTIVENESS,383
p12,male,LOW_ATTRACTIVENESS,383
p12,male,HIGH_ATTRACTIVENESS,383
p12,male,HIGH_ATTRACTIVENESS,383
p13,female,HIGH_ATTRACTIVENESS,482
p13,female,HIGH_ATTRACTIVENESS,482
p13,female,HIGH_ATTRACTIVENESS,482
p13,female,HIGH_ATTRACTIVENESS,482
p13,female,HIGH_ATTRACTIVENESS,482
p13,female,HIGH_ATTRACTIVENESS,482
p13,female,HIGH_ATTRACTIVENESS,482
p13,female,HIGH_ATTRACTIVENESS,482
p13,female,HIGH_ATTRACTIVENESS,482
p13,female,HIGH_ATTRACTIVENESS,482
p13,female,LOW_ATTRACTIVENESS,482
p13,female,LOW_ATTRACTIVENESS,482
p13,female,LOW_ATTRACTIVENESS,482
p13,female,LOW_ATTRACTIVENESS,482
p13,female,LOW_ATTRACTIVENESS,482
p13,female,HIGH_ATTRACTIVENESS,482
p13,female,LOW_ATTRACTIVENESS,482
p13,female,HIGH_ATTRACTIVENESS,482
p13,female,HIGH_ATTRACTIVENESS,482
p13,female,LOW_ATTRACTIVENESS,482
p13,male,HIGH_ATTRACTIVENESS,482
p13,male,HIGH_ATTRACTIVENESS,482
p13,male,HIGH_ATTRACTIVENESS,482
p13,male,HIGH_ATTRACTIVENESS,482
p13,male,HIGH_ATTRACTIVENESS,482
p13,male,HIGH_ATTRACTIVENESS,482
p13,male,HIGH_ATTRACTIVENESS,482
p13,male,HIGH_ATTRACTIVENESS,482
p13,male,LOW_ATTRACTIVENESS,482
p13,male,LOW_ATTRACTIVENESS,482
p13,male,LOW_ATTRACTIVENESS,482
p13,male,LOW_ATTRACTIVENESS,482
p13,male,LOW_ATTRACTIVENESS,482
p13,male,LOW_ATTRACTIVENESS,482
p13,male,HIGH_ATTRACTIVENESS,482
p13,male,HIGH_ATTRACTIVENESS,482
p13,male,LOW_ATTRACTIVENESS,482
p13,male,LOW_ATTRACTIVENESS,482
p13,male,LOW_ATTRACTIVENESS,482
p13,male,LOW_ATTRACTIVENESS,482
p14,female,HIGH_ATTRACTIVENESS,709
p14,female,HIGH_ATTRACTIVENESS,709
p14,female,LOW_ATTRACTIVENESS,709
p14,female,LOW_ATTRACTIVENESS,709
p14,female,LOW_ATTRACTIVENESS,709
p14,female,LOW_ATTRACTIVENESS,709
p14,female,LOW_ATTRACTIVENESS,709
p14,female,LOW_ATTRACTIVENESS,709
p14,female,LOW_ATTRACTIVENESS,709
p14,female,LOW_ATTRACTIVENESS,709
p14,female,LOW_ATTRACTIVENESS,709
p14,female,LOW_ATTRACTIVENESS,709
p14,female,LOW_ATTRACTIVENESS,709
p14,female,LOW_ATTRACTIVENESS,709
p14,female,LOW_ATTRACTIVENESS,709
p14,female,LOW_ATTRACTIVENESS,709
p14,female,LOW_ATTRACTIVENESS,709
p14,female,HIGH_ATTRACTIVENESS,709
p14,female,LOW_ATTRACTIVENESS,709
p14,female,LOW_ATTRACTIVENESS,709
p14,male,LOW_ATTRACTIVENESS,709
p14,male,LOW_ATTRACTIVENESS,709
p14,male,LOW_ATTRACTIVENESS,709
p14,male,LOW_ATTRACTIVENESS,709
p14,male,LOW_ATTRACTIVENESS,709
p14,male,LOW_ATTRACTIVENESS,709
p14,male,HIGH_ATTRACTIVENESS,709
p14,male,LOW_ATTRACTIVENESS,709
p14,male,LOW_ATTRACTIVENESS,709
p14,male,LOW_ATTRACTIVENESS,709
p14,male,HIGH_ATTRACTIVENESS,709
p14,male,LOW_ATTRACTIVENESS,709
p14,male,LOW_ATTRACTIVENESS,709
p14,male,LOW_ATTRACTIVENESS,709
p14,male,HIGH_ATTRACTIVENESS,709
p14,male,LOW_ATTRACTIVENESS,709
p14,male,LOW_ATTRACTIVENESS,709
p14,male,LOW_ATTRACTIVENESS,709
p14,male,LOW_ATTRACTIVENESS,709
p14,male,LOW_ATTRACTIVENESS,709
p15,female,HIGH_ATTRACTIVENESS,486
p15,female,HIGH_ATTRACTIVENESS,486
p15,female,HIGH_ATTRACTIVENESS,486
p15,female,HIGH_ATTRACTIVENESS,486
p15,female,HIGH_ATTRACTIVENESS,486
p15,female,HIGH_ATTRACTIVENESS,486
p15,female,HIGH_ATTRACTIVENESS,486
p15,female,LOW_ATTRACTIVENESS,486
p15,female,HIGH_ATTRACTIVENESS,486
p15,female,HIGH_ATTRACTIVENESS,486
p15,female,LOW_ATTRACTIVENESS,486
p15,female,LOW_ATTRACTIVENESS,486
p15,female,LOW_ATTRACTIVENESS,486
p15,female,LOW_ATTRACTIVENESS,486
p15,female,LOW_ATTRACTIVENESS,486
p15,female,LOW_ATTRACTIVENESS,486
p15,female,LOW_ATTRACTIVENESS,486
p15,female,HIGH_ATTRACTIVENESS,486
p15,female,LOW_ATTRACTIVENESS,486
p15,female,LOW_ATTRACTIVENESS,486
p15,male,HIGH_ATTRACTIVENESS,486
p15,male,HIGH_ATTRACTIVENESS,486
p15,male,HIGH_ATTRACTIVENESS,486
p15,male,LOW_ATTRACTIVENESS,486
p15,male,LOW_ATTRACTIVENESS,486
p15,male,HIGH_ATTRACTIVENESS,486
p15,male,HIGH_ATTRACTIVENESS,486
p15,male,HIGH_ATTRACTIVENESS,486
p15,male,HIGH_ATTRACTIVENESS,486
p15,male,HIGH_ATTRACTIVENESS,486
p15,male,LOW_ATTRACTIVENESS,486
p15,male,LOW_ATTRACTIVENESS,486
p15,male,LOW_ATTRACTIVENESS,486
p15,male,LOW_ATTRACTIVENESS,486
p15,male,HIGH_ATTRACTIVENESS,486
p15,male,LOW_ATTRACTIVENESS,486
p15,male,LOW_ATTRACTIVENESS,486
p15,male,LOW_ATTRACTIVENESS,486
p15,male,HIGH_ATTRACTIVENESS,486
p15,male,LOW_ATTRACTIVENESS,486
p16,female,HIGH_ATTRACTIVENESS,526
p16,female,HIGH_ATTRACTIVENESS,526
p16,female,HIGH_ATTRACTIVENESS,526
p16,female,HIGH_ATTRACTIVENESS,526
p16,female,HIGH_ATTRACTIVENESS,526
p16,female,HIGH_ATTRACTIVENESS,526
p16,female,HIGH_ATTRACTIVENESS,526
p16,female,HIGH_ATTRACTIVENESS,526
p16,female,HIGH_ATTRACTIVENESS,526
p16,female,HIGH_ATTRACTIVENESS,526
p16,female,LOW_ATTRACTIVENESS,526
p16,female,LOW_ATTRACTIVENESS,526
p16,female,LOW_ATTRACTIVENESS,526
p16,female,HIGH_ATTRACTIVENESS,526
p16,female,LOW_ATTRACTIVENESS,526
p16,female,HIGH_ATTRACTIVENESS,526
p16,female,LOW_ATTRACTIVENESS,526
p16,female,HIGH_ATTRACTIVENESS,526
p16,female,LOW_ATTRACTIVENESS,526
p16,female,LOW_ATTRACTIVENESS,526
p16,male,HIGH_ATTRACTIVENESS,526
p16,male,LOW_ATTRACTIVENESS,526
p16,male,HIGH_ATTRACTIVENESS,526
p16,male,HIGH_ATTRACTIVENESS,526
p16,male,HIGH_ATTRACTIVENESS,526
p16,male,HIGH_ATTRACTIVENESS,526
p16,male,HIGH_ATTRACTIVENESS,526
p16,male,HIGH_ATTRACTIVENESS,526
p16,male,LOW_ATTRACTIVENESS,526
p16,male,LOW_ATTRACTIVENESS,526
p16,male,LOW_ATTRACTIVENESS,526
p16,male,LOW_ATTRACTIVENESS,526
p16,male,LOW_ATTRACTIVENESS,526
p16,male,HIGH_ATTRACTIVENESS,526
p16,male,LOW_ATTRACTIVENESS,526
p16,male,LOW_ATTRACTIVENESS,526
p16,male,LOW_ATTRACTIVENESS,526
p16,male,LOW_ATTRACTIVENESS,526
p16,male,LOW_ATTRACTIVENESS,526
p16,male,LOW_ATTRACTIVENESS,526
p17,female,HIGH_ATTRACTIVENESS,693
p17,female,HIGH_ATTRACTIVENESS,693
p17,female,HIGH_ATTRACTIVENESS,693
p17,female,HIGH_ATTRACTIVENESS,693
p17,female,HIGH_ATTRACTIVENESS,693
p17,female,HIGH_ATTRACTIVENESS,693
p17,female,HIGH_ATTRACTIVENESS,693
p17,female,HIGH_ATTRACTIVENESS,693
p17,female,HIGH_ATTRACTIVENESS,693
p17,female,HIGH_ATTRACTIVENESS,693
p17,female,LOW_ATTRACTIVENESS,693
p17,female,LOW_ATTRACTIVENESS,693
p17,female,LOW_ATTRACTIVENESS,693
p17,female,HIGH_ATTRACTIVENESS,693
p17,female,LOW_ATTRACTIVENESS,693
p17,female,HIGH_ATTRACTIVENESS,693
p17,female,LOW_ATTRACTIVENESS,693
p17,female,HIGH_ATTRACTIVENESS,693
p17,female,LOW_ATTRACTIVENESS,693
p17,female,LOW_ATTRACTIVENESS,693
p17,male,HIGH_ATTRACTIVENESS,693
p17,male,HIGH_ATTRACTIVENESS,693
p17,male,LOW_ATTRACTIVENESS,693
p17,male,LOW_ATTRACTIVENESS,693
p17,male,HIGH_ATTRACTIVENESS,693
p17,male,HIGH_ATTRACTIVENESS,693
p17,male,HIGH_ATTRACTIVENESS,693
p17,male,HIGH_ATTRACTIVENESS,693
p17,male,HIGH_ATTRACTIVENESS,693
p17,male,HIGH_ATTRACTIVENESS,693
p17,male,LOW_ATTRACTIVENESS,693
p17,male,LOW_ATTRACTIVENESS,693
p17,male,LOW_ATTRACTIVENESS,693
p17,male,LOW_ATTRACTIVENESS,693
p17,male,HIGH_ATTRACTIVENESS,693
p17,male,LOW_ATTRACTIVENESS,693
p17,male,LOW_ATTRACTIVENESS,693
p17,male,LOW_ATTRACTIVENESS,693
p17,male,LOW_ATTRACTIVENESS,693
p17,male,LOW_ATTRACTIVENESS,693
p18,female,LOW_ATTRACTIVENESS,679
p18,female,LOW_ATTRACTIVENESS,679
p18,female,HIGH_ATTRACTIVENESS,679
p18,female,LOW_ATTRACTIVENESS,679
p18,female,LOW_ATTRACTIVENESS,679
p18,female,LOW_ATTRACTIVENESS,679
p18,female,HIGH_ATTRACTIVENESS,679
p18,female,LOW_ATTRACTIVENESS,679
p18,female,HIGH_ATTRACTIVENESS,679
p18,female,HIGH_ATTRACTIVENESS,679
p18,female,LOW_ATTRACTIVENESS,679
p18,female,LOW_ATTRACTIVENESS,679
p18,female,LOW_ATTRACTIVENESS,679
p18,female,LOW_ATTRACTIVENESS,679
p18,female,LOW_ATTRACTIVENESS,679
p18,female,LOW_ATTRACTIVENESS,679
p18,female,HIGH_ATTRACTIVENESS,679
p18,female,LOW_ATTRACTIVENESS,679
p18,female,LOW_ATTRACTIVENESS,679
p18,female,LOW_ATTRACTIVENESS,679
p18,male,LOW_ATTRACTIVENESS,679
p18,male,LOW_ATTRACTIVENESS,679
p18,male,LOW_ATTRACTIVENESS,679
p18,male,LOW_ATTRACTIVENESS,679
p18,male,HIGH_ATTRACTIVENESS,679
p18,male,LOW_ATTRACTIVENESS,679
p18,male,HIGH_ATTRACTIVENESS,679
p18,male,LOW_ATTRACTIVENESS,679
p18,male,LOW_ATTRACTIVENESS,679
p18,male,LOW_ATTRACTIVENESS,679
p18,male,LOW_ATTRACTIVENESS,679
p18,male,LOW_ATTRACTIVENESS,679
p18,male,HIGH_ATTRACTIVENESS,679
p18,male,LOW_ATTRACTIVENESS,679
p18,male,LOW_ATTRACTIVENESS,679
p18,male,LOW_ATTRACTIVENESS,679
p18,male,LOW_ATTRACTIVENESS,679
p18,male,LOW_ATTRACTIVENESS,679
p18,male,LOW_ATTRACTIVENESS,679
p18,male,LOW_ATTRACTIVENESS,679
p19,female,HIGH_ATTRACTIVENESS,709
p19,female,HIGH_ATTRACTIVENESS,709
p19,female,HIGH_ATTRACTIVENESS,709
p19,female,HIGH_ATTRACTIVENESS,709
p19,female,LOW_ATTRACTIVENESS,709
p19,female,LOW_ATTRACTIVENESS,709
p19,female,LOW_ATTRACTIVENESS,709
p19,female,HIGH_ATTRACTIVENESS,709
p19,female,HIGH_ATTRACTIVENESS,709
p19,female,HIGH_ATTRACTIVENESS,709
p19,female,HIGH_ATTRACTIVENESS,709
p19,female,LOW_ATTRACTIVENESS,709
p19,female,HIGH_ATTRACTIVENESS,709
p19,female,LOW_ATTRACTIVENESS,709
p19,female,HIGH_ATTRACTIVENESS,709
p19,female,HIGH_ATTRACTIVENESS,709
p19,female,HIGH_ATTRACTIVENESS,709
p19,female,HIGH_ATTRACTIVENESS,709
p19,female,HIGH_ATTRACTIVENESS,709
p19,female,HIGH_ATTRACTIVENESS,709
p19,male,HIGH_ATTRACTIVENESS,709
p19,male,HIGH_ATTRACTIVENESS,709
p19,male,LOW_ATTRACTIVENESS,709
p19,male,HIGH_ATTRACTIVENESS,709
p19,male,LOW_ATTRACTIVENESS,709
p19,male,HIGH_ATTRACTIVENESS,709
p19,male,LOW_ATTRACTIVENESS,709
p19,male,HIGH_ATTRACTIVENESS,709
p19,male,HIGH_ATTRACTIVENESS,709
p19,male,HIGH_ATTRACTIVENESS,709
p19,male,HIGH_ATTRACTIVENESS,709
p19,male,HIGH_ATTRACTIVENESS,709
p19,male,HIGH_ATTRACTIVENESS,709
p19,male,LOW_ATTRACTIVENESS,709
p19,male,HIGH_ATTRACTIVENESS,709
p19,male,HIGH_ATTRACTIVENESS,709
p19,male,HIGH_ATTRACTIVENESS,709
p19,male,HIGH_ATTRACTIVENESS,709
p19,male,HIGH_ATTRACTIVENESS,709
p19,male,HIGH_ATTRACTIVENESS,709
p20,female,HIGH_ATTRACTIVENESS,819
p20,female,HIGH_ATTRACTIVENESS,819
p20,female,HIGH_ATTRACTIVENESS,819
p20,female,HIGH_ATTRACTIVENESS,819
p20,female,HIGH_ATTRACTIVENESS,819
p20,female,LOW_ATTRACTIVENESS,819
p20,female,HIGH_ATTRACTIVENESS,819
p20,female,HIGH_ATTRACTIVENESS,819
p20,female,HIGH_ATTRACTIVENESS,819
p20,female,HIGH_ATTRACTIVENESS,819
p20,female,LOW_ATTRACTIVENESS,819
p20,female,LOW_ATTRACTIVENESS,819
p20,female,HIGH_ATTRACTIVENESS,819
p20,female,HIGH_ATTRACTIVENESS,819
p20,female,HIGH_ATTRACTIVENESS,819
p20,female,HIGH_ATTRACTIVENESS,819
p20,female,LOW_ATTRACTIVENESS,819
p20,female,LOW_ATTRACTIVENESS,819
p20,female,LOW_ATTRACTIVENESS,819
p20,female,LOW_ATTRACTIVENESS,819
p20,male,HIGH_ATTRACTIVENESS,819
p20,male,HIGH_ATTRACTIVENESS,819
p20,male,HIGH_ATTRACTIVENESS,819
p20,male,HIGH_ATTRACTIVENESS,819
p20,male,HIGH_ATTRACTIVENESS,819
p20,male,HIGH_ATTRACTIVENESS,819
p20,male,HIGH_ATTRACTIVENESS,819
p20,male,HIGH_ATTRACTIVENESS,819
p20,male,HIGH_ATTRACTIVENESS,819
p20,male,HIGH_ATTRACTIVENESS,819
p20,male,HIGH_ATTRACTIVENESS,819
p20,male,LOW_ATTRACTIVENESS,819
p20,male,LOW_ATTRACTIVENESS,819
p20,male,HIGH_ATTRACTIVENESS,819
p20,male,HIGH_ATTRACTIVENESS,819
p20,male,LOW_ATTRACTIVENESS,819
p20,male,LOW_ATTRACTIVENESS,819
p20,male,LOW_ATTRACTIVENESS,819
p20,male,HIGH_ATTRACTIVENESS,819
p20,male,LOW_ATTRACTIVENESS,819
p21,female,HIGH_ATTRACTIVENESS,469
p21,female,HIGH_ATTRACTIVENESS,469
p21,female,HIGH_ATTRACTIVENESS,469
p21,female,HIGH_ATTRACTIVENESS,469
p21,female,HIGH_ATTRACTIVENESS,469
p21,female,HIGH_ATTRACTIVENESS,469
p21,female,HIGH_ATTRACTIVENESS,469
p21,female,HIGH_ATTRACTIVENESS,469
p21,female,HIGH_ATTRACTIVENESS,469
p21,female,HIGH_ATTRACTIVENESS,469
p21,female,LOW_ATTRACTIVENESS,469
p21,female,LOW_ATTRACTIVENESS,469
p21,female,LOW_ATTRACTIVENESS,469
p21,female,LOW_ATTRACTIVENESS,469
p21,female,HIGH_ATTRACTIVENESS,469
p21,female,HIGH_ATTRACTIVENESS,469
p21,female,LOW_ATTRACTIVENESS,469
p21,female,HIGH_ATTRACTIVENESS,469
p21,female,LOW_ATTRACTIVENESS,469
p21,female,HIGH_ATTRACTIVENESS,469
p21,male,HIGH_ATTRACTIVENESS,469
p21,male,HIGH_ATTRACTIVENESS,469
p21,male,LOW_ATTRACTIVENESS,469
p21,male,HIGH_ATTRACTIVENESS,469
p21,male,HIGH_ATTRACTIVENESS,469
p21,male,HIGH_ATTRACTIVENESS,469
p21,male,HIGH_ATTRACTIVENESS,469
p21,male,HIGH_ATTRACTIVENESS,469
p21,male,HIGH_ATTRACTIVENESS,469
p21,male,HIGH_ATTRACTIVENESS,469
p21,male,LOW_ATTRACTIVENESS,469
p21,male,LOW_ATTRACTIVENESS,469
p21,male,LOW_ATTRACTIVENESS,469
p21,male,HIGH_ATTRACTIVENESS,469
p21,male,HIGH_ATTRACTIVENESS,469
p21,male,LOW_ATTRACTIVENESS,469
p21,male,LOW_ATTRACTIVENESS,469
p21,male,LOW_ATTRACTIVENESS,469
p21,male,HIGH_ATTRACTIVENESS,469
p21,male,LOW_ATTRACTIVENESS,469
p22,female,HIGH_ATTRACTIVENESS,715
p22,female,HIGH_ATTRACTIVENESS,715
p22,female,HIGH_ATTRACTIVENESS,715
p22,female,HIGH_ATTRACTIVENESS,715
p22,female,HIGH_ATTRACTIVENESS,715
p22,female,HIGH_ATTRACTIVENESS,715
p22,female,HIGH_ATTRACTIVENESS,715
p22,female,HIGH_ATTRACTIVENESS,715
p22,female,HIGH_ATTRACTIVENESS,715
p22,female,HIGH_ATTRACTIVENESS,715
p22,female,LOW_ATTRACTIVENESS,715
p22,female,LOW_ATTRACTIVENESS,715
p22,female,LOW_ATTRACTIVENESS,715
p22,female,LOW_ATTRACTIVENESS,715
p22,female,LOW_ATTRACTIVENESS,715
p22,female,LOW_ATTRACTIVENESS,715
p22,female,LOW_ATTRACTIVENESS,715
p22,female,HIGH_ATTRACTIVENESS,715
p22,female,LOW_ATTRACTIVENESS,715
p22,female,LOW_ATTRACTIVENESS,715
p22,male,HIGH_ATTRACTIVENESS,715
p22,male,HIGH_ATTRACTIVENESS,715
p22,male,LOW_ATTRACTIVENESS,715
p22,male,HIGH_ATTRACTIVENESS,715
p22,male,HIGH_ATTRACTIVENESS,715
p22,male,HIGH_ATTRACTIVENESS,715
p22,male,LOW_ATTRACTIVENESS,715
p22,male,HIGH_ATTRACTIVENESS,715
p22,male,LOW_ATTRACTIVENESS,715
p22,male,HIGH_ATTRACTIVENESS,715
p22,male,LOW_ATTRACTIVENESS,715
p22,male,LOW_ATTRACTIVENESS,715
p22,male,LOW_ATTRACTIVENESS,715
p22,male,LOW_ATTRACTIVENESS,715
p22,male,LOW_ATTRACTIVENESS,715
p22,male,LOW_ATTRACTIVENESS,715
p22,male,LOW_ATTRACTIVENESS,715
p22,male,LOW_ATTRACTIVENESS,715
p22,male,LOW_ATTRACTIVENESS,715
p22,male,LOW_ATTRACTIVENESS,715
p23,female,HIGH_ATTRACTIVENESS,751
p23,female,HIGH_ATTRACTIVENESS,751
p23,female,HIGH_ATTRACTIVENESS,751
p23,female,HIGH_ATTRACTIVENESS,751
p23,female,LOW_ATTRACTIVENESS,751
p23,female,HIGH_ATTRACTIVENESS,751
p23,female,HIGH_ATTRACTIVENESS,751
p23,female,HIGH_ATTRACTIVENESS,751
p23,female,HIGH_ATTRACTIVENESS,751
p23,female,HIGH_ATTRACTIVENESS,751
p23,female,LOW_ATTRACTIVENESS,751
p23,female,LOW_ATTRACTIVENESS,751
p23,female,LOW_ATTRACTIVENESS,751
p23,female,LOW_ATTRACTIVENESS,751
p23,female,HIGH_ATTRACTIVENESS,751
p23,female,LOW_ATTRACTIVENESS,751
p23,female,LOW_ATTRACTIVENESS,751
p23,female,HIGH_ATTRACTIVENESS,751
p23,female,HIGH_ATTRACTIVENESS,751
p23,female,HIGH_ATTRACTIVENESS,751
p23,male,HIGH_ATTRACTIVENESS,751
p23,male,HIGH_ATTRACTIVENESS,751
p23,male,LOW_ATTRACTIVENESS,751
p23,male,HIGH_ATTRACTIVENESS,751
p23,male,HIGH_ATTRACTIVENESS,751
p23,male,HIGH_ATTRACTIVENESS,751
p23,male,LOW_ATTRACTIVENESS,751
p23,male,HIGH_ATTRACTIVENESS,751
p23,male,HIGH_ATTRACTIVENESS,751
p23,male,HIGH_ATTRACTIVENESS,751
p23,male,LOW_ATTRACTIVENESS,751
p23,male,LOW_ATTRACTIVENESS,751
p23,male,LOW_ATTRACTIVENESS,751
p23,male,HIGH_ATTRACTIVENESS,751
p23,male,HIGH_ATTRACTIVENESS,751
p23,male,LOW_ATTRACTIVENESS,751
p23,male,LOW_ATTRACTIVENESS,751
p23,male,LOW_ATTRACTIVENESS,751
p23,male,HIGH_ATTRACTIVENESS,751
p23,male,LOW_ATTRACTIVENESS,751
p24,female,HIGH_ATTRACTIVENESS,431
p24,female,HIGH_ATTRACTIVENESS,431
p24,female,HIGH_ATTRACTIVENESS,431
p24,female,HIGH_ATTRACTIVENESS,431
p24,female,HIGH_ATTRACTIVENESS,431
p24,female,HIGH_ATTRACTIVENESS,431
p24,female,HIGH_ATTRACTIVENESS,431
p24,female,LOW_ATTRACTIVENESS,431
p24,female,HIGH_ATTRACTIVENESS,431
p24,female,HIGH_ATTRACTIVENESS,431
p24,female,LOW_ATTRACTIVENESS,431
p24,female,LOW_ATTRACTIVENESS,431
p24,female,LOW_ATTRACTIVENESS,431
p24,female,LOW_ATTRACTIVENESS,431
p24,female,LOW_ATTRACTIVENESS,431
p24,female,HIGH_ATTRACTIVENESS,431
p24,female,LOW_ATTRACTIVENESS,431
p24,female,HIGH_ATTRACTIVENESS,431
p24,female,LOW_ATTRACTIVENESS,431
p24,female,LOW_ATTRACTIVENESS,431
p24,male,HIGH_ATTRACTIVENESS,431
p24,male,HIGH_ATTRACTIVENESS,431
p24,male,HIGH_ATTRACTIVENESS,431
p24,male,HIGH_ATTRACTIVENESS,431
p24,male,HIGH_ATTRACTIVENESS,431
p24,male,HIGH_ATTRACTIVENESS,431
p24,male,LOW_ATTRACTIVENESS,431
p24,male,HIGH_ATTRACTIVENESS,431
p24,male,HIGH_ATTRACTIVENESS,431
p24,male,LOW_ATTRACTIVENESS,431
p24,male,LOW_ATTRACTIVENESS,431
p24,male,LOW_ATTRACTIVENESS,431
p24,male,LOW_ATTRACTIVENESS,431
p24,male,LOW_ATTRACTIVENESS,431
p24,male,LOW_ATTRACTIVENESS,431
p24,male,LOW_ATTRACTIVENESS,431
p24,male,LOW_ATTRACTIVENESS,431
p24,male,LOW_ATTRACTIVENESS,431
p24,male,LOW_ATTRACTIVENESS,431
p24,male,LOW_ATTRACTIVENESS,431
p25,female,HIGH_ATTRACTIVENESS,648
p25,female,HIGH_ATTRACTIVENESS,648
p25,female,HIGH_ATTRACTIVENESS,648
p25,female,HIGH_ATTRACTIVENESS,648
p25,female,HIGH_ATTRACTIVENESS,648
p25,female,HIGH_ATTRACTIVENESS,648
p25,female,HIGH_ATTRACTIVENESS,648
p25,female,LOW_ATTRACTIVENESS,648
p25,female,LOW_ATTRACTIVENESS,648
p25,female,HIGH_ATTRACTIVENESS,648
p25,female,LOW_ATTRACTIVENESS,648
p25,female,LOW_ATTRACTIVENESS,648
p25,female,LOW_ATTRACTIVENESS,648
p25,female,HIGH_ATTRACTIVENESS,648
p25,female,LOW_ATTRACTIVENESS,648
p25,female,LOW_ATTRACTIVENESS,648
p25,female,LOW_ATTRACTIVENESS,648
p25,female,LOW_ATTRACTIVENESS,648
p25,female,LOW_ATTRACTIVENESS,648
p25,female,LOW_ATTRACTIVENESS,648
p25,male,HIGH_ATTRACTIVENESS,648
p25,male,HIGH_ATTRACTIVENESS,648
p25,male,LOW_ATTRACTIVENESS,648
p25,male,HIGH_ATTRACTIVENESS,648
p25,male,HIGH_ATTRACTIVENESS,648
p25,male,LOW_ATTRACTIVENESS,648
p25,male,HIGH_ATTRACTIVENESS,648
p25,male,LOW_ATTRACTIVENESS,648
p25,male,LOW_ATTRACTIVENESS,648
p25,male,LOW_ATTRACTIVENESS,648
p25,male,LOW_ATTRACTIVENESS,648
p25,male,LOW_ATTRACTIVENESS,648
p25,male,LOW_ATTRACTIVENESS,648
p25,male,LOW_ATTRACTIVENESS,648
p25,male,LOW_ATTRACTIVENESS,648
p25,male,LOW_ATTRACTIVENESS,648
p25,male,LOW_ATTRACTIVENESS,648
p25,male,LOW_ATTRACTIVENESS,648
p25,male,LOW_ATTRACTIVENESS,648
p25,male,LOW_ATTRACTIVENESS,648
p26,female,HIGH_ATTRACTIVENESS,517
p26,female,HIGH_ATTRACTIVENESS,517
p26,female,HIGH_ATTRACTIVENESS,517
p26,female,HIGH_ATTRACTIVENESS,517
p26,female,HIGH_ATTRACTIVENESS,517
p26,female,HIGH_ATTRACTIVENESS,517
p26,female,HIGH_ATTRACTIVENESS,517
p26,female,HIGH_ATTRACTIVENESS,517
p26,female,LOW_ATTRACTIVENESS,517
p26,female,HIGH_ATTRACTIVENESS,517
p26,female,LOW_ATTRACTIVENESS,517
p26,female,LOW_ATTRACTIVENESS,517
p26,female,LOW_ATTRACTIVENESS,517
p26,female,LOW_ATTRACTIVENESS,517
p26,female,LOW_ATTRACTIVENESS,517
p26,female,LOW_ATTRACTIVENESS,517
p26,female,LOW_ATTRACTIVENESS,517
p26,female,HIGH_ATTRACTIVENESS,517
p26,female,LOW_ATTRACTIVENESS,517
p26,female,LOW_ATTRACTIVENESS,517
p26,male,HIGH_ATTRACTIVENESS,517
p26,male,HIGH_ATTRACTIVENESS,517
p26,male,LOW_ATTRACTIVENESS,517
p26,male,HIGH_ATTRACTIVENESS,517
p26,male,HIGH_ATTRACTIVENESS,517
p26,male,HIGH_ATTRACTIVENESS,517
p26,male,HIGH_ATTRACTIVENESS,517
p26,male,LOW_ATTRACTIVENESS,517
p26,male,HIGH_ATTRACTIVENESS,517
p26,male,HIGH_ATTRACTIVENESS,517
p26,male,LOW_ATTRACTIVENESS,517
p26,male,LOW_ATTRACTIVENESS,517
p26,male,LOW_ATTRACTIVENESS,517
p26,male,LOW_ATTRACTIVENESS,517
p26,male,LOW_ATTRACTIVENESS,517
p26,male,LOW_ATTRACTIVENESS,517
p26,male,LOW_ATTRACTIVENESS,517
p26,male,LOW_ATTRACTIVENESS,517
p26,male,LOW_ATTRACTIVENESS,517
p26,male,LOW_ATTRACTIVENESS,517
p27,female,HIGH_ATTRACTIVENESS,564
p27,female,HIGH_ATTRACTIVENESS,564
p27,female,HIGH_ATTRACTIVENESS,564
p27,female,HIGH_ATTRACTIVENESS,564
p27,female,HIGH_ATTRACTIVENESS,564
p27,female,HIGH_ATTRACTIVENESS,564
p27,female,HIGH_ATTRACTIVENESS,564
p27,female,HIGH_ATTRACTIVENESS,564
p27,female,HIGH_ATTRACTIVENESS,564
p27,female,HIGH_ATTRACTIVENESS,564
p27,female,LOW_ATTRACTIVENESS,564
p27,female,LOW_ATTRACTIVENESS,564
p27,female,HIGH_ATTRACTIVENESS,564
p27,female,HIGH_ATTRACTIVENESS,564
p27,female,LOW_ATTRACTIVENESS,564
p27,female,LOW_ATTRACTIVENESS,564
p27,female,LOW_ATTRACTIVENESS,564
p27,female,HIGH_ATTRACTIVENESS,564
p27,female,LOW_ATTRACTIVENESS,564
p27,female,HIGH_ATTRACTIVENESS,564
p27,male,HIGH_ATTRACTIVENESS,564
p27,male,HIGH_ATTRACTIVENESS,564
p27,male,HIGH_ATTRACTIVENESS,564
p27,male,HIGH_ATTRACTIVENESS,564
p27,male,HIGH_ATTRACTIVENESS,564
p27,male,HIGH_ATTRACTIVENESS,564
p27,male,HIGH_ATTRACTIVENESS,564
p27,male,LOW_ATTRACTIVENESS,564
p27,male,HIGH_ATTRACTIVENESS,564
p27,male,HIGH_ATTRACTIVENESS,564
p27,male,LOW_ATTRACTIVENESS,564
p27,male,LOW_ATTRACTIVENESS,564
p27,male,LOW_ATTRACTIVENESS,564
p27,male,LOW_ATTRACTIVENESS,564
p27,male,HIGH_ATTRACTIVENESS,564
p27,male,LOW_ATTRACTIVENESS,564
p27,male,LOW_ATTRACTIVENESS,564
p27,male,LOW_ATTRACTIVENESS,564
p27,male,LOW_ATTRACTIVENESS,564
p27,male,LOW_ATTRACTIVENESS,564
p28,female,HIGH_ATTRACTIVENESS,751
p28,female,HIGH_ATTRACTIVENESS,751
p28,female,HIGH_ATTRACTIVENESS,751
p28,female,HIGH_ATTRACTIVENESS,751
p28,female,HIGH_ATTRACTIVENESS,751
p28,female,HIGH_ATTRACTIVENESS,751
p28,female,HIGH_ATTRACTIVENESS,751
p28,female,HIGH_ATTRACTIVENESS,751
p28,female,HIGH_ATTRACTIVENESS,751
p28,female,HIGH_ATTRACTIVENESS,751
p28,female,LOW_ATTRACTIVENESS,751
p28,female,LOW_ATTRACTIVENESS,751
p28,female,HIGH_ATTRACTIVENESS,751
p28,female,HIGH_ATTRACTIVENESS,751
p28,female,LOW_ATTRACTIVENESS,751
p28,female,LOW_ATTRACTIVENESS,751
p28,female,LOW_ATTRACTIVENESS,751
p28,female,HIGH_ATTRACTIVENESS,751
p28,female,LOW_ATTRACTIVENESS,751
p28,female,HIGH_ATTRACTIVENESS,751
p28,male,LOW_ATTRACTIVENESS,751
p28,male,HIGH_ATTRACTIVENESS,751
p28,male,LOW_ATTRACTIVENESS,751
p28,male,HIGH_ATTRACTIVENESS,751
p28,male,HIGH_ATTRACTIVENESS,751
p28,male,HIGH_ATTRACTIVENESS,751
p28,male,HIGH_ATTRACTIVENESS,751
p28,male,HIGH_ATTRACTIVENESS,751
p28,male,HIGH_ATTRACTIVENESS,751
p28,male,HIGH_ATTRACTIVENESS,751
p28,male,LOW_ATTRACTIVENESS,751
p28,male,HIGH_ATTRACTIVENESS,751
p28,male,LOW_ATTRACTIVENESS,751
p28,male,LOW_ATTRACTIVENESS,751
p28,male,HIGH_ATTRACTIVENESS,751
p28,male,LOW_ATTRACTIVENESS,751
p28,male,LOW_ATTRACTIVENESS,751
p28,male,LOW_ATTRACTIVENESS,751
p28,male,LOW_ATTRACTIVENESS,751
p28,male,LOW_ATTRACTIVENESS,751
p29,female,HIGH_ATTRACTIVENESS,578
p29,female,HIGH_ATTRACTIVENESS,578
p29,female,HIGH_ATTRACTIVENESS,578
p29,female,HIGH_ATTRACTIVENESS,578
p29,female,HIGH_ATTRACTIVENESS,578
p29,female,HIGH_ATTRACTIVENESS,578
p29,female,HIGH_ATTRACTIVENESS,578
p29,female,HIGH_ATTRACTIVENESS,578
p29,female,HIGH_ATTRACTIVENESS,578
p29,female,HIGH_ATTRACTIVENESS,578
p29,female,LOW_ATTRACTIVENESS,578
p29,female,LOW_ATTRACTIVENESS,578
p29,female,LOW_ATTRACTIVENESS,578
p29,female,LOW_ATTRACTIVENESS,578
p29,female,LOW_ATTRACTIVENESS,578
p29,female,LOW_ATTRACTIVENESS,578
p29,female,LOW_ATTRACTIVENESS,578
p29,female,LOW_ATTRACTIVENESS,578
p29,female,LOW_ATTRACTIVENESS,578
p29,female,LOW_ATTRACTIVENESS,578
p29,male,HIGH_ATTRACTIVENESS,578
p29,male,LOW_ATTRACTIVENESS,578
p29,male,LOW_ATTRACTIVENESS,578
p29,male,HIGH_ATTRACTIVENESS,578
p29,male,HIGH_ATTRACTIVENESS,578
p29,male,HIGH_ATTRACTIVENESS,578
p29,male,LOW_ATTRACTIVENESS,578
p29,male,LOW_ATTRACTIVENESS,578
p29,male,LOW_ATTRACTIVENESS,578
p29,male,LOW_ATTRACTIVENESS,578
p29,male,LOW_ATTRACTIVENESS,578
p29,male,LOW_ATTRACTIVENESS,578
p29,male,LOW_ATTRACTIVENESS,578
p29,male,LOW_ATTRACTIVENESS,578
p29,male,LOW_ATTRACTIVENESS,578
p29,male,LOW_ATTRACTIVENESS,578
p29,male,LOW_ATTRACTIVENESS,578
p29,male,LOW_ATTRACTIVENESS,578
p29,male,LOW_ATTRACTIVENESS,578
p29,male,LOW_ATTRACTIVENESS,578
p30,female,HIGH_ATTRACTIVENESS,605
p30,female,HIGH_ATTRACTIVENESS,605
p30,female,HIGH_ATTRACTIVENESS,605
p30,female,HIGH_ATTRACTIVENESS,605
p30,female,HIGH_ATTRACTIVENESS,605
p30,female,LOW_ATTRACTIVENESS,605
p30,female,HIGH_ATTRACTIVENESS,605
p30,female,HIGH_ATTRACTIVENESS,605
p30,female,LOW_ATTRACTIVENESS,605
p30,female,HIGH_ATTRACTIVENESS,605
p30,female,LOW_ATTRACTIVENESS,605
p30,female,LOW_ATTRACTIVENESS,605
p30,female,LOW_ATTRACTIVENESS,605
p30,female,LOW_ATTRACTIVENESS,605
p30,female,LOW_ATTRACTIVENESS,605
p30,female,LOW_ATTRACTIVENESS,605
p30,female,HIGH_ATTRACTIVENESS,605
p30,female,LOW_ATTRACTIVENESS,605
p30,female,LOW_ATTRACTIVENESS,605
p30,female,LOW_ATTRACTIVENESS,605
p30,male,HIGH_ATTRACTIVENESS,605
p30,male,HIGH_ATTRACTIVENESS,605
p30,male,HIGH_ATTRACTIVENESS,605
p30,male,HIGH_ATTRACTIVENESS,605
p30,male,HIGH_ATTRACTIVENESS,605
p30,male,HIGH_ATTRACTIVENESS,605
p30,male,HIGH_ATTRACTIVENESS,605
p30,male,LOW_ATTRACTIVENESS,605
p30,male,LOW_ATTRACTIVENESS,605
p30,male,LOW_ATTRACTIVENESS,605
p30,male,LOW_ATTRACTIVENESS,605
p30,male,LOW_ATTRACTIVENESS,605
p30,male,LOW_ATTRACTIVENESS,605
p30,male,LOW_ATTRACTIVENESS,605
p30,male,LOW_ATTRACTIVENESS,605
p30,male,LOW_ATTRACTIVENESS,605
p30,male,LOW_ATTRACTIVENESS,605
p30,male,LOW_ATTRACTIVENESS,605
p30,male,LOW_ATTRACTIVENESS,605
p30,male,LOW_ATTRACTIVENESS,605
p31,female,HIGH_ATTRACTIVENESS,708
p31,female,HIGH_ATTRACTIVENESS,708
p31,female,HIGH_ATTRACTIVENESS,708
p31,female,HIGH_ATTRACTIVENESS,708
p31,female,HIGH_ATTRACTIVENESS,708
p31,female,HIGH_ATTRACTIVENESS,708
p31,female,HIGH_ATTRACTIVENESS,708
p31,female,LOW_ATTRACTIVENESS,708
p31,female,HIGH_ATTRACTIVENESS,708
p31,female,HIGH_ATTRACTIVENESS,708
p31,female,LOW_ATTRACTIVENESS,708
p31,female,LOW_ATTRACTIVENESS,708
p31,female,LOW_ATTRACTIVENESS,708
p31,female,LOW_ATTRACTIVENESS,708
p31,female,LOW_ATTRACTIVENESS,708
p31,female,LOW_ATTRACTIVENESS,708
p31,female,LOW_ATTRACTIVENESS,708
p31,female,LOW_ATTRACTIVENESS,708
p31,female,LOW_ATTRACTIVENESS,708
p31,female,LOW_ATTRACTIVENESS,708
p31,male,LOW_ATTRACTIVENESS,708
p31,male,HIGH_ATTRACTIVENESS,708
p31,male,LOW_ATTRACTIVENESS,708
p31,male,HIGH_ATTRACTIVENESS,708
p31,male,HIGH_ATTRACTIVENESS,708
p31,male,HIGH_ATTRACTIVENESS,708
p31,male,HIGH_ATTRACTIVENESS,708
p31,male,HIGH_ATTRACTIVENESS,708
p31,male,HIGH_ATTRACTIVENESS,708
p31,male,LOW_ATTRACTIVENESS,708
p31,male,LOW_ATTRACTIVENESS,708
p31,male,LOW_ATTRACTIVENESS,708
p31,male,LOW_ATTRACTIVENESS,708
p31,male,LOW_ATTRACTIVENESS,708
p31,male,LOW_ATTRACTIVENESS,708
p31,male,LOW_ATTRACTIVENESS,708
p31,male,LOW_ATTRACTIVENESS,708
p31,male,LOW_ATTRACTIVENESS,708
p31,male,HIGH_ATTRACTIVENESS,708
p31,male,LOW_ATTRACTIVENESS,708
p32,female,HIGH_ATTRACTIVENESS,674
p32,female,HIGH_ATTRACTIVENESS,674
p32,female,HIGH_ATTRACTIVENESS,674
p32,female,HIGH_ATTRACTIVENESS,674
p32,female,HIGH_ATTRACTIVENESS,674
p32,female,HIGH_ATTRACTIVENESS,674
p32,female,HIGH_ATTRACTIVENESS,674
p32,female,HIGH_ATTRACTIVENESS,674
p32,female,HIGH_ATTRACTIVENESS,674
p32,female,HIGH_ATTRACTIVENESS,674
p32,female,LOW_ATTRACTIVENESS,674
p32,female,LOW_ATTRACTIVENESS,674
p32,female,LOW_ATTRACTIVENESS,674
p32,female,LOW_ATTRACTIVENESS,674
p32,female,LOW_ATTRACTIVENESS,674
p32,female,LOW_ATTRACTIVENESS,674
p32,female,LOW_ATTRACTIVENESS,674
p32,female,LOW_ATTRACTIVENESS,674
p32,female,LOW_ATTRACTIVENESS,674
p32,female,LOW_ATTRACTIVENESS,674
p32,male,HIGH_ATTRACTIVENESS,674
p32,male,HIGH_ATTRACTIVENESS,674
p32,male,HIGH_ATTRACTIVENESS,674
p32,male,HIGH_ATTRACTIVENESS,674
p32,male,HIGH_ATTRACTIVENESS,674
p32,male,HIGH_ATTRACTIVENESS,674
p32,male,HIGH_ATTRACTIVENESS,674
p32,male,HIGH_ATTRACTIVENESS,674
p32,male,HIGH_ATTRACTIVENESS,674
p32,male,HIGH_ATTRACTIVENESS,674
p32,male,LOW_ATTRACTIVENESS,674
p32,male,LOW_ATTRACTIVENESS,674
p32,male,LOW_ATTRACTIVENESS,674
p32,male,HIGH_ATTRACTIVENESS,674
p32,male,HIGH_ATTRACTIVENESS,674
p32,male,LOW_ATTRACTIVENESS,674
p32,male,LOW_ATTRACTIVENESS,674
p32,male,LOW_ATTRACTIVENESS,674
p32,male,HIGH_ATTRACTIVENESS,674
p32,male,LOW_ATTRACTIVENESS,674
p33,female,HIGH_ATTRACTIVENESS,595
p33,female,HIGH_ATTRACTIVENESS,595
p33,female,HIGH_ATTRACTIVENESS,595
p33,female,HIGH_ATTRACTIVENESS,595
p33,female,HIGH_ATTRACTIVENESS,595
p33,female,HIGH_ATTRACTIVENESS,595
p33,female,HIGH_ATTRACTIVENESS,595
p33,female,HIGH_ATTRACTIVENESS,595
p33,female,HIGH_ATTRACTIVENESS,595
p33,female,HIGH_ATTRACTIVENESS,595
p33,female,LOW_ATTRACTIVENESS,595
p33,female,LOW_ATTRACTIVENESS,595
p33,female,LOW_ATTRACTIVENESS,595
p33,female,HIGH_ATTRACTIVENESS,595
p33,female,HIGH_ATTRACTIVENESS,595
p33,female,HIGH_ATTRACTIVENESS,595
p33,female,LOW_ATTRACTIVENESS,595
p33,female,LOW_ATTRACTIVENESS,595
p33,female,LOW_ATTRACTIVENESS,595
p33,female,LOW_ATTRACTIVENESS,595
p33,male,HIGH_ATTRACTIVENESS,595
p33,male,HIGH_ATTRACTIVENESS,595
p33,male,HIGH_ATTRACTIVENESS,595
p33,male,HIGH_ATTRACTIVENESS,595
p33,male,HIGH_ATTRACTIVENESS,595
p33,male,HIGH_ATTRACTIVENESS,595
p33,male,HIGH_ATTRACTIVENESS,595
p33,male,HIGH_ATTRACTIVENESS,595
p33,male,HIGH_ATTRACTIVENESS,595
p33,male,HIGH_ATTRACTIVENESS,595
p33,male,LOW_ATTRACTIVENESS,595
p33,male,LOW_ATTRACTIVENESS,595
p33,male,LOW_ATTRACTIVENESS,595
p33,male,LOW_ATTRACTIVENESS,595
p33,male,LOW_ATTRACTIVENESS,595
p33,male,LOW_ATTRACTIVENESS,595
p33,male,LOW_ATTRACTIVENESS,595
p33,male,LOW_ATTRACTIVENESS,595
p33,male,LOW_ATTRACTIVENESS,595
p33,male,LOW_ATTRACTIVENESS,595
p34,female,HIGH_ATTRACTIVENESS,811
p34,female,LOW_ATTRACTIVENESS,811
p34,female,HIGH_ATTRACTIVENESS,811
p34,female,HIGH_ATTRACTIVENESS,811
p34,female,HIGH_ATTRACTIVENESS,811
p34,female,HIGH_ATTRACTIVENESS,811
p34,female,HIGH_ATTRACTIVENESS,811
p34,female,LOW_ATTRACTIVENESS,811
p34,female,HIGH_ATTRACTIVENESS,811
p34,female,HIGH_ATTRACTIVENESS,811
p34,female,LOW_ATTRACTIVENESS,811
p34,female,LOW_ATTRACTIVENESS,811
p34,female,LOW_ATTRACTIVENESS,811
p34,female,LOW_ATTRACTIVENESS,811
p34,female,LOW_ATTRACTIVENESS,811
p34,female,LOW_ATTRACTIVENESS,811
p34,female,LOW_ATTRACTIVENESS,811
p34,female,HIGH_ATTRACTIVENESS,811
p34,female,LOW_ATTRACTIVENESS,811
p34,female,LOW_ATTRACTIVENESS,811
p34,male,HIGH_ATTRACTIVENESS,811
p34,male,LOW_ATTRACTIVENESS,811
p34,male,HIGH_ATTRACTIVENESS,811
p34,male,HIGH_ATTRACTIVENESS,811
p34,male,HIGH_ATTRACTIVENESS,811
p34,male,HIGH_ATTRACTIVENESS,811
p34,male,HIGH_ATTRACTIVENESS,811
p34,male,LOW_ATTRACTIVENESS,811
p34,male,LOW_ATTRACTIVENESS,811
p34,male,HIGH_ATTRACTIVENESS,811
p34,male,LOW_ATTRACTIVENESS,811
p34,male,LOW_ATTRACTIVENESS,811
p34,male,LOW_ATTRACTIVENESS,811
p34,male,LOW_ATTRACTIVENESS,811
p34,male,HIGH_ATTRACTIVENESS,811
p34,male,LOW_ATTRACTIVENESS,811
p34,male,LOW_ATTRACTIVENESS,811
p34,male,LOW_ATTRACTIVENESS,811
p34,male,LOW_ATTRACTIVENESS,811
p34,male,LOW_ATTRACTIVENESS,811
p35,female,HIGH_ATTRACTIVENESS,548
p35,female,HIGH_ATTRACTIVENESS,548
p35,female,HIGH_ATTRACTIVENESS,548
p35,female,HIGH_ATTRACTIVENESS,548
p35,female,HIGH_ATTRACTIVENESS,548
p35,female,HIGH_ATTRACTIVENESS,548
p35,female,HIGH_ATTRACTIVENESS,548
p35,female,HIGH_ATTRACTIVENESS,548
p35,female,HIGH_ATTRACTIVENESS,548
p35,female,HIGH_ATTRACTIVENESS,548
p35,female,LOW_ATTRACTIVENESS,548
p35,female,LOW_ATTRACTIVENESS,548
p35,female,LOW_ATTRACTIVENESS,548
p35,female,HIGH_ATTRACTIVENESS,548
p35,female,HIGH_ATTRACTIVENESS,548
p35,female,HIGH_ATTRACTIVENESS,548
p35,female,LOW_ATTRACTIVENESS,548
p35,female,HIGH_ATTRACTIVENESS,548
p35,female,LOW_ATTRACTIVENESS,548
p35,female,LOW_ATTRACTIVENESS,548
p35,male,HIGH_ATTRACTIVENESS,548
p35,male,HIGH_ATTRACTIVENESS,548
p35,male,HIGH_ATTRACTIVENESS,548
p35,male,HIGH_ATTRACTIVENESS,548
p35,male,HIGH_ATTRACTIVENESS,548
p35,male,HIGH_ATTRACTIVENESS,548
p35,male,HIGH_ATTRACTIVENESS,548
p35,male,HIGH_ATTRACTIVENESS,548
p35,male,HIGH_ATTRACTIVENESS,548
p35,male,HIGH_ATTRACTIVENESS,548
p35,male,LOW_ATTRACTIVENESS,548
p35,male,LOW_ATTRACTIVENESS,548
p35,male,LOW_ATTRACTIVENESS,548
p35,male,LOW_ATTRACTIVENESS,548
p35,male,LOW_ATTRACTIVENESS,548
p35,male,LOW_ATTRACTIVENESS,548
p35,male,LOW_ATTRACTIVENESS,548
p35,male,LOW_ATTRACTIVENESS,548
p35,male,LOW_ATTRACTIVENESS,548
p35,male,LOW_ATTRACTIVENESS,548
p36,female,HIGH_ATTRACTIVENESS,569
p36,female,HIGH_ATTRACTIVENESS,569
p36,female,HIGH_ATTRACTIVENESS,569
p36,female,HIGH_ATTRACTIVENESS,569
p36,female,HIGH_ATTRACTIVENESS,569
p36,female,HIGH_ATTRACTIVENESS,569
p36,female,HIGH_ATTRACTIVENESS,569
p36,female,HIGH_ATTRACTIVENESS,569
p36,female,HIGH_ATTRACTIVENESS,569
p36,female,HIGH_ATTRACTIVENESS,569
p36,female,LOW_ATTRACTIVENESS,569
p36,female,LOW_ATTRACTIVENESS,569
p36,female,LOW_ATTRACTIVENESS,569
p36,female,LOW_ATTRACTIVENESS,569
p36,female,LOW_ATTRACTIVENESS,569
p36,female,LOW_ATTRACTIVENESS,569
p36,female,LOW_ATTRACTIVENESS,569
p36,female,HIGH_ATTRACTIVENESS,569
p36,female,LOW_ATTRACTIVENESS,569
p36,female,LOW_ATTRACTIVENESS,569
p36,male,HIGH_ATTRACTIVENESS,569
p36,male,LOW_ATTRACTIVENESS,569
p36,male,LOW_ATTRACTIVENESS,569
p36,male,LOW_ATTRACTIVENESS,569
p36,male,HIGH_ATTRACTIVENESS,569
p36,male,HIGH_ATTRACTIVENESS,569
p36,male,HIGH_ATTRACTIVENESS,569
p36,male,LOW_ATTRACTIVENESS,569
p36,male,LOW_ATTRACTIVENESS,569
p36,male,LOW_ATTRACTIVENESS,569
p36,male,LOW_ATTRACTIVENESS,569
p36,male,LOW_ATTRACTIVENESS,569
p36,male,LOW_ATTRACTIVENESS,569
p36,male,LOW_ATTRACTIVENESS,569
p36,male,HIGH_ATTRACTIVENESS,569
p36,male,LOW_ATTRACTIVENESS,569
p36,male,LOW_ATTRACTIVENESS,569
p36,male,LOW_ATTRACTIVENESS,569
p36,male,LOW_ATTRACTIVENESS,569
p36,male,LOW_ATTRACTIVENESS,569
p37,female,HIGH_ATTRACTIVENESS,622
p37,female,HIGH_ATTRACTIVENESS,622
p37,female,HIGH_ATTRACTIVENESS,622
p37,female,HIGH_ATTRACTIVENESS,622
p37,female,HIGH_ATTRACTIVENESS,622
p37,female,HIGH_ATTRACTIVENESS,622
p37,female,LOW_ATTRACTIVENESS,622
p37,female,LOW_ATTRACTIVENESS,622
p37,female,HIGH_ATTRACTIVENESS,622
p37,female,HIGH_ATTRACTIVENESS,622
p37,female,LOW_ATTRACTIVENESS,622
p37,female,LOW_ATTRACTIVENESS,622
p37,female,LOW_ATTRACTIVENESS,622
p37,female,LOW_ATTRACTIVENESS,622
p37,female,LOW_ATTRACTIVENESS,622
p37,female,LOW_ATTRACTIVENESS,622
p37,female,LOW_ATTRACTIVENESS,622
p37,female,LOW_ATTRACTIVENESS,622
p37,female,LOW_ATTRACTIVENESS,622
p37,female,LOW_ATTRACTIVENESS,622
p37,male,HIGH_ATTRACTIVENESS,622
p37,male,HIGH_ATTRACTIVENESS,622
p37,male,LOW_ATTRACTIVENESS,622
p37,male,HIGH_ATTRACTIVENESS,622
p37,male,HIGH_ATTRACTIVENESS,622
p37,male,HIGH_ATTRACTIVENESS,622
p37,male,HIGH_ATTRACTIVENESS,622
p37,male,HIGH_ATTRACTIVENESS,622
p37,male,HIGH_ATTRACTIVENESS,622
p37,male,LOW_ATTRACTIVENESS,622
p37,male,LOW_ATTRACTIVENESS,622
p37,male,LOW_ATTRACTIVENESS,622
p37,male,LOW_ATTRACTIVENESS,622
p37,male,LOW_ATTRACTIVENESS,622
p37,male,LOW_ATTRACTIVENESS,622
p37,male,LOW_ATTRACTIVENESS,622
p37,male,LOW_ATTRACTIVENESS,622
p37,male,LOW_ATTRACTIVENESS,622
p37,male,LOW_ATTRACTIVENESS,622
p37,male,LOW_ATTRACTIVENESS,622
p38,female,HIGH_ATTRACTIVENESS,535
p38,female,LOW_ATTRACTIVENESS,535
p38,female,HIGH_ATTRACTIVENESS,535
p38,female,HIGH_ATTRACTIVENESS,535
p38,female,HIGH_ATTRACTIVENESS,535
p38,female,HIGH_ATTRACTIVENESS,535
p38,female,HIGH_ATTRACTIVENESS,535
p38,female,HIGH_ATTRACTIVENESS,535
p38,female,HIGH_ATTRACTIVENESS,535
p38,female,HIGH_ATTRACTIVENESS,535
p38,female,LOW_ATTRACTIVENESS,535
p38,female,HIGH_ATTRACTIVENESS,535
p38,female,HIGH_ATTRACTIVENESS,535
p38,female,LOW_ATTRACTIVENESS,535
p38,female,LOW_ATTRACTIVENESS,535
p38,female,LOW_ATTRACTIVENESS,535
p38,female,LOW_ATTRACTIVENESS,535
p38,female,HIGH_ATTRACTIVENESS,535
p38,female,HIGH_ATTRACTIVENESS,535
p38,female,LOW_ATTRACTIVENESS,535
p38,male,HIGH_ATTRACTIVENESS,535
p38,male,HIGH_ATTRACTIVENESS,535
p38,male,HIGH_ATTRACTIVENESS,535
p38,male,HIGH_ATTRACTIVENESS,535
p38,male,HIGH_ATTRACTIVENESS,535
p38,male,HIGH_ATTRACTIVENESS,535
p38,male,HIGH_ATTRACTIVENESS,535
p38,male,HIGH_ATTRACTIVENESS,535
p38,male,HIGH_ATTRACTIVENESS,535
p38,male,HIGH_ATTRACTIVENESS,535
p38,male,LOW_ATTRACTIVENESS,535
p38,male,LOW_ATTRACTIVENESS,535
p38,male,LOW_ATTRACTIVENESS,535
p38,male,LOW_ATTRACTIVENESS,535
p38,male,HIGH_ATTRACTIVENESS,535
p38,male,HIGH_ATTRACTIVENESS,535
p38,male,LOW_ATTRACTIVENESS,535
p38,male,LOW_ATTRACTIVENESS,535
p38,male,LOW_ATTRACTIVENESS,535
p38,male,HIGH_ATTRACTIVENESS,535
p39,female,HIGH_ATTRACTIVENESS,542
p39,female,HIGH_ATTRACTIVENESS,542
p39,female,HIGH_ATTRACTIVENESS,542
p39,female,HIGH_ATTRACTIVENESS,542
p39,female,HIGH_ATTRACTIVENESS,542
p39,female,HIGH_ATTRACTIVENESS,542
p39,female,HIGH_ATTRACTIVENESS,542
p39,female,LOW_ATTRACTIVENESS,542
p39,female,HIGH_ATTRACTIVENESS,542
p39,female,HIGH_ATTRACTIVENESS,542
p39,female,LOW_ATTRACTIVENESS,542
p39,female,LOW_ATTRACTIVENESS,542
p39,female,LOW_ATTRACTIVENESS,542
p39,female,LOW_ATTRACTIVENESS,542
p39,female,LOW_ATTRACTIVENESS,542
p39,female,LOW_ATTRACTIVENESS,542
p39,female,LOW_ATTRACTIVENESS,542
p39,female,LOW_ATTRACTIVENESS,542
p39,female,LOW_ATTRACTIVENESS,542
p39,female,LOW_ATTRACTIVENESS,542
p39,male,HIGH_ATTRACTIVENESS,542
p39,male,LOW_ATTRACTIVENESS,542
p39,male,LOW_ATTRACTIVENESS,542
p39,male,HIGH_ATTRACTIVENESS,542
p39,male,HIGH_ATTRACTIVENESS,542
p39,male,HIGH_ATTRACTIVENESS,542
p39,male,HIGH_ATTRACTIVENESS,542
p39,male,HIGH_ATTRACTIVENESS,542
p39,male,LOW_ATTRACTIVENESS,542
p39,male,LOW_ATTRACTIVENESS,542
p39,male,LOW_ATTRACTIVENESS,542
p39,male,LOW_ATTRACTIVENESS,542
p39,male,LOW_ATTRACTIVENESS,542
p39,male,LOW_ATTRACTIVENESS,542
p39,male,HIGH_ATTRACTIVENESS,542
p39,male,LOW_ATTRACTIVENESS,542
p39,male,LOW_ATTRACTIVENESS,542
p39,male,LOW_ATTRACTIVENESS,542
p39,male,LOW_ATTRACTIVENESS,542
p39,male,HIGH_ATTRACTIVENESS,542
p40,female,HIGH_ATTRACTIVENESS,573
p40,female,HIGH_ATTRACTIVENESS,573
p40,female,HIGH_ATTRACTIVENESS,573
p40,female,LOW_ATTRACTIVENESS,573
p40,female,HIGH_ATTRACTIVENESS,573
p40,female,HIGH_ATTRACTIVENESS,573
p40,female,HIGH_ATTRACTIVENESS,573
p40,female,HIGH_ATTRACTIVENESS,573
p40,female,HIGH_ATTRACTIVENESS,573
p40,female,HIGH_ATTRACTIVENESS,573
p40,female,LOW_ATTRACTIVENESS,573
p40,female,LOW_ATTRACTIVENESS,573
p40,female,LOW_ATTRACTIVENESS,573
p40,female,LOW_ATTRACTIVENESS,573
p40,female,LOW_ATTRACTIVENESS,573
p40,female,LOW_ATTRACTIVENESS,573
p40,female,LOW_ATTRACTIVENESS,573
p40,female,HIGH_ATTRACTIVENESS,573
p40,female,LOW_ATTRACTIVENESS,573
p40,female,LOW_ATTRACTIVENESS,573
p40,male,LOW_ATTRACTIVENESS,573
p40,male,LOW_ATTRACTIVENESS,573
p40,male,LOW_ATTRACTIVENESS,573
p40,male,HIGH_ATTRACTIVENESS,573
p40,male,HIGH_ATTRACTIVENESS,573
p40,male,LOW_ATTRACTIVENESS,573
p40,male,HIGH_ATTRACTIVENESS,573
p40,male,LOW_ATTRACTIVENESS,573
p40,male,LOW_ATTRACTIVENESS,573
p40,male,LOW_ATTRACTIVENESS,573
p40,male,LOW_ATTRACTIVENESS,573
p40,male,LOW_ATTRACTIVENESS,573
p40,male,LOW_ATTRACTIVENESS,573
p40,male,LOW_ATTRACTIVENESS,573
p40,male,LOW_ATTRACTIVENESS,573
p40,male,LOW_ATTRACTIVENESS,573
p40,male,LOW_ATTRACTIVENESS,573
p40,male,LOW_ATTRACTIVENESS,573
p40,male,LOW_ATTRACTIVENESS,573
p40,male,LOW_ATTRACTIVENESS,573
p41,female,HIGH_ATTRACTIVENESS,514
p41,female,HIGH_ATTRACTIVENESS,514
p41,female,HIGH_ATTRACTIVENESS,514
p41,female,HIGH_ATTRACTIVENESS,514
p41,female,HIGH_ATTRACTIVENESS,514
p41,female,HIGH_ATTRACTIVENESS,514
p41,female,HIGH_ATTRACTIVENESS,514
p41,female,HIGH_ATTRACTIVENESS,514
p41,female,HIGH_ATTRACTIVENESS,514
p41,female,HIGH_ATTRACTIVENESS,514
p41,female,LOW_ATTRACTIVENESS,514
p41,female,LOW_ATTRACTIVENESS,514
p41,female,LOW_ATTRACTIVENESS,514
p41,female,LOW_ATTRACTIVENESS,514
p41,female,LOW_ATTRACTIVENESS,514
p41,female,LOW_ATTRACTIVENESS,514
p41,female,LOW_ATTRACTIVENESS,514
p41,female,LOW_ATTRACTIVENESS,514
p41,female,LOW_ATTRACTIVENESS,514
p41,female,LOW_ATTRACTIVENESS,514
p41,male,HIGH_ATTRACTIVENESS,514
p41,male,HIGH_ATTRACTIVENESS,514
p41,male,HIGH_ATTRACTIVENESS,514
p41,male,HIGH_ATTRACTIVENESS,514
p41,male,HIGH_ATTRACTIVENESS,514
p41,male,HIGH_ATTRACTIVENESS,514
p41,male,HIGH_ATTRACTIVENESS,514
p41,male,HIGH_ATTRACTIVENESS,514
p41,male,HIGH_ATTRACTIVENESS,514
p41,male,HIGH_ATTRACTIVENESS,514
p41,male,LOW_ATTRACTIVENESS,514
p41,male,LOW_ATTRACTIVENESS,514
p41,male,LOW_ATTRACTIVENESS,514
p41,male,LOW_ATTRACTIVENESS,514
p41,male,HIGH_ATTRACTIVENESS,514
p41,male,LOW_ATTRACTIVENESS,514
p41,male,LOW_ATTRACTIVENESS,514
p41,male,LOW_ATTRACTIVENESS,514
p41,male,LOW_ATTRACTIVENESS,514
p41,male,LOW_ATTRACTIVENESS,514
p42,female,HIGH_ATTRACTIVENESS,658
p42,female,HIGH_ATTRACTIVENESS,658
p42,female,HIGH_ATTRACTIVENESS,658
p42,female,HIGH_ATTRACTIVENESS,658
p42,female,HIGH_ATTRACTIVENESS,658
p42,female,HIGH_ATTRACTIVENESS,658
p42,female,HIGH_ATTRACTIVENESS,658
p42,female,HIGH_ATTRACTIVENESS,658
p42,female,HIGH_ATTRACTIVENESS,658
p42,female,HIGH_ATTRACTIVENESS,658
p42,female,LOW_ATTRACTIVENESS,658
p42,female,LOW_ATTRACTIVENESS,658
p42,female,LOW_ATTRACTIVENESS,658
p42,female,LOW_ATTRACTIVENESS,658
p42,female,HIGH_ATTRACTIVENESS,658
p42,female,HIGH_ATTRACTIVENESS,658
p42,female,LOW_ATTRACTIVENESS,658
p42,female,LOW_ATTRACTIVENESS,658
p42,female,HIGH_ATTRACTIVENESS,658
p42,female,HIGH_ATTRACTIVENESS,658
p42,male,HIGH_ATTRACTIVENESS,658
p42,male,HIGH_ATTRACTIVENESS,658
p42,male,HIGH_ATTRACTIVENESS,658
p42,male,HIGH_ATTRACTIVENESS,658
p42,male,HIGH_ATTRACTIVENESS,658
p42,male,HIGH_ATTRACTIVENESS,658
p42,male,HIGH_ATTRACTIVENESS,658
p42,male,HIGH_ATTRACTIVENESS,658
p42,male,HIGH_ATTRACTIVENESS,658
p42,male,HIGH_ATTRACTIVENESS,658
p42,male,LOW_ATTRACTIVENESS,658
p42,male,LOW_ATTRACTIVENESS,658
p42,male,LOW_ATTRACTIVENESS,658
p42,male,LOW_ATTRACTIVENESS,658
p42,male,HIGH_ATTRACTIVENESS,658
p42,male,LOW_ATTRACTIVENESS,658
p42,male,LOW_ATTRACTIVENESS,658
p42,male,LOW_ATTRACTIVENESS,658
p42,male,HIGH_ATTRACTIVENESS,658
p42,male,LOW_ATTRACTIVENESS,658
p43,female,HIGH_ATTRACTIVENESS,720
p43,female,HIGH_ATTRACTIVENESS,720
p43,female,HIGH_ATTRACTIVENESS,720
p43,female,HIGH_ATTRACTIVENESS,720
p43,female,HIGH_ATTRACTIVENESS,720
p43,female,HIGH_ATTRACTIVENESS,720
p43,female,HIGH_ATTRACTIVENESS,720
p43,female,HIGH_ATTRACTIVENESS,720
p43,female,HIGH_ATTRACTIVENESS,720
p43,female,HIGH_ATTRACTIVENESS,720
p43,female,LOW_ATTRACTIVENESS,720
p43,female,LOW_ATTRACTIVENESS,720
p43,female,LOW_ATTRACTIVENESS,720
p43,female,LOW_ATTRACTIVENESS,720
p43,female,LOW_ATTRACTIVENESS,720
p43,female,HIGH_ATTRACTIVENESS,720
p43,female,LOW_ATTRACTIVENESS,720
p43,female,HIGH_ATTRACTIVENESS,720
p43,female,LOW_ATTRACTIVENESS,720
p43,female,HIGH_ATTRACTIVENESS,720
p43,male,HIGH_ATTRACTIVENESS,720
p43,male,HIGH_ATTRACTIVENESS,720
p43,male,LOW_ATTRACTIVENESS,720
p43,male,HIGH_ATTRACTIVENESS,720
p43,male,HIGH_ATTRACTIVENESS,720
p43,male,HIGH_ATTRACTIVENESS,720
p43,male,HIGH_ATTRACTIVENESS,720
p43,male,LOW_ATTRACTIVENESS,720
p43,male,HIGH_ATTRACTIVENESS,720
p43,male,HIGH_ATTRACTIVENESS,720
p43,male,LOW_ATTRACTIVENESS,720
p43,male,LOW_ATTRACTIVENESS,720
p43,male,LOW_ATTRACTIVENESS,720
p43,male,HIGH_ATTRACTIVENESS,720
p43,male,HIGH_ATTRACTIVENESS,720
p43,male,LOW_ATTRACTIVENESS,720
p43,male,LOW_ATTRACTIVENESS,720
p43,male,LOW_ATTRACTIVENESS,720
p43,male,HIGH_ATTRACTIVENESS,720
p43,male,LOW_ATTRACTIVENESS,720
p44,female,HIGH_ATTRACTIVENESS,624
p44,female,HIGH_ATTRACTIVENESS,624
p44,female,HIGH_ATTRACTIVENESS,624
p44,female,HIGH_ATTRACTIVENESS,624
p44,female,HIGH_ATTRACTIVENESS,624
p44,female,HIGH_ATTRACTIVENESS,624
p44,female,HIGH_ATTRACTIVENESS,624
p44,female,HIGH_ATTRACTIVENESS,624
p44,female,HIGH_ATTRACTIVENESS,624
p44,female,HIGH_ATTRACTIVENESS,624
p44,female,LOW_ATTRACTIVENESS,624
p44,female,LOW_ATTRACTIVENESS,624
p44,female,LOW_ATTRACTIVENESS,624
p44,female,LOW_ATTRACTIVENESS,624
p44,female,HIGH_ATTRACTIVENESS,624
p44,female,LOW_ATTRACTIVENESS,624
p44,female,LOW_ATTRACTIVENESS,624
p44,female,HIGH_ATTRACTIVENESS,624
p44,female,LOW_ATTRACTIVENESS,624
p44,female,LOW_ATTRACTIVENESS,624
p44,male,HIGH_ATTRACTIVENESS,624
p44,male,HIGH_ATTRACTIVENESS,624
p44,male,HIGH_ATTRACTIVENESS,624
p44,male,HIGH_ATTRACTIVENESS,624
p44,male,HIGH_ATTRACTIVENESS,624
p44,male,HIGH_ATTRACTIVENESS,624
p44,male,HIGH_ATTRACTIVENESS,624
p44,male,HIGH_ATTRACTIVENESS,624
p44,male,HIGH_ATTRACTIVENESS,624
p44,male,HIGH_ATTRACTIVENESS,624
p44,male,LOW_ATTRACTIVENESS,624
p44,male,LOW_ATTRACTIVENESS,624
p44,male,HIGH_ATTRACTIVENESS,624
p44,male,HIGH_ATTRACTIVENESS,624
p44,male,HIGH_ATTRACTIVENESS,624
p44,male,LOW_ATTRACTIVENESS,624
p44,male,LOW_ATTRACTIVENESS,624
p44,male,LOW_ATTRACTIVENESS,624
p44,male,HIGH_ATTRACTIVENESS,624
p44,male,LOW_ATTRACTIVENESS,624
p45,female,HIGH_ATTRACTIVENESS,527
p45,female,HIGH_ATTRACTIVENESS,527
p45,female,HIGH_ATTRACTIVENESS,527
p45,female,HIGH_ATTRACTIVENESS,527
p45,female,LOW_ATTRACTIVENESS,527
p45,female,HIGH_ATTRACTIVENESS,527
p45,female,HIGH_ATTRACTIVENESS,527
p45,female,LOW_ATTRACTIVENESS,527
p45,female,HIGH_ATTRACTIVENESS,527
p45,female,HIGH_ATTRACTIVENESS,527
p45,female,LOW_ATTRACTIVENESS,527
p45,female,LOW_ATTRACTIVENESS,527
p45,female,LOW_ATTRACTIVENESS,527
p45,female,LOW_ATTRACTIVENESS,527
p45,female,LOW_ATTRACTIVENESS,527
p45,female,LOW_ATTRACTIVENESS,527
p45,female,LOW_ATTRACTIVENESS,527
p45,female,LOW_ATTRACTIVENESS,527
p45,female,LOW_ATTRACTIVENESS,527
p45,female,LOW_ATTRACTIVENESS,527
p45,male,LOW_ATTRACTIVENESS,527
p45,male,LOW_ATTRACTIVENESS,527
p45,male,LOW_ATTRACTIVENESS,527
p45,male,LOW_ATTRACTIVENESS,527
p45,male,LOW_ATTRACTIVENESS,527
p45,male,LOW_ATTRACTIVENESS,527
p45,male,LOW_ATTRACTIVENESS,527
p45,male,LOW_ATTRACTIVENESS,527
p45,male,LOW_ATTRACTIVENESS,527
p45,male,LOW_ATTRACTIVENESS,527
p45,male,LOW_ATTRACTIVENESS,527
p45,male,LOW_ATTRACTIVENESS,527
p45,male,LOW_ATTRACTIVENESS,527
p45,male,LOW_ATTRACTIVENESS,527
p45,male,LOW_ATTRACTIVENESS,527
p45,male,LOW_ATTRACTIVENESS,527
p45,male,LOW_ATTRACTIVENESS,527
p45,male,LOW_ATTRACTIVENESS,527
p45,male,LOW_ATTRACTIVENESS,527
p45,male,LOW_ATTRACTIVENESS,527
